rank,config_id,border_fraction,min_line_fraction,max_gap_fraction,hough_threshold,angle_tolerance,cluster_distance,interval_gap,min_support_fraction,relative_score,max_edges,total_images,correct_images,accuracy_percent,mean_absolute_band_error,zero_edge_images,under_count_images,over_count_images
1,C0353,0.04,0.18,0.06,25,8.0,7.0,6.0,0.25,0.35,6,15,3,20.0,0.6333333333333333,4,11,1
2,C0354,0.04,0.18,0.06,25,8.0,7.0,6.0,0.25,0.45,6,15,3,20.0,0.6333333333333333,4,11,1
3,C0357,0.04,0.18,0.06,25,8.0,7.0,12.0,0.25,0.35,6,15,3,20.0,0.6333333333333333,4,11,1
4,C0358,0.04,0.18,0.06,25,8.0,7.0,12.0,0.25,0.45,6,15,3,20.0,0.6333333333333333,4,11,1
5,C0377,0.04,0.18,0.06,25,12.0,7.0,6.0,0.25,0.35,6,15,3,20.0,0.6333333333333333,4,11,1
6,C0378,0.04,0.18,0.06,25,12.0,7.0,6.0,0.25,0.45,6,15,3,20.0,0.6333333333333333,4,11,1
7,C0381,0.04,0.18,0.06,25,12.0,7.0,12.0,0.25,0.35,6,15,3,20.0,0.6333333333333333,4,11,1
8,C0382,0.04,0.18,0.06,25,12.0,7.0,12.0,0.25,0.45,6,15,3,20.0,0.6333333333333333,4,11,1
9,C0210,0.04,0.18,0.05,20,8.0,7.0,6.0,0.25,0.45,6,15,3,20.0,0.6666666666666666,5,11,1
10,C0214,0.04,0.18,0.05,20,8.0,7.0,12.0,0.25,0.45,6,15,3,20.0,0.6666666666666666,5,11,1
11,C0234,0.04,0.18,0.05,20,12.0,7.0,6.0,0.25,0.45,6,15,3,20.0,0.6666666666666666,5,11,1
12,C0238,0.04,0.18,0.05,20,12.0,7.0,12.0,0.25,0.45,6,15,3,20.0,0.6666666666666666,5,11,1
13,C0641,0.04,0.22,0.05,25,8.0,7.0,6.0,0.25,0.35,6,15,2,13.333333333333334,0.6666666666666666,4,12,1
14,C0645,0.04,0.22,0.05,25,8.0,7.0,12.0,0.25,0.35,6,15,2,13.333333333333334,0.6666666666666666,4,12,1
15,C0665,0.04,0.22,0.05,25,12.0,7.0,6.0,0.25,0.35,6,15,2,13.333333333333334,0.6666666666666666,4,12,1
16,C0669,0.04,0.22,0.05,25,12.0,7.0,12.0,0.25,0.35,6,15,2,13.333333333333334,0.6666666666666666,4,12,1
17,C0346,0.04,0.18,0.06,25,8.0,5.0,6.0,0.25,0.45,6,15,2,13.333333333333334,0.6666666666666666,4,11,2
18,C0350,0.04,0.18,0.06,25,8.0,5.0,12.0,0.25,0.45,6,15,2,13.333333333333334,0.6666666666666666,4,11,2
19,C0370,0.04,0.18,0.06,25,12.0,5.0,6.0,0.25,0.45,6,15,2,13.333333333333334,0.6666666666666666,4,11,2
20,C0374,0.04,0.18,0.06,25,12.0,5.0,12.0,0.25,0.45,6,15,2,13.333333333333334,0.6666666666666666,4,11,2
21,C0738,0.04,0.22,0.06,25,8.0,7.0,6.0,0.25,0.45,6,15,2,13.333333333333334,0.6666666666666666,4,11,2
22,C0742,0.04,0.22,0.06,25,8.0,7.0,12.0,0.25,0.45,6,15,2,13.333333333333334,0.6666666666666666,4,11,2
23,C0762,0.04,0.22,0.06,25,12.0,7.0,6.0,0.25,0.45,6,15,2,13.333333333333334,0.6666666666666666,4,11,2
24,C0766,0.04,0.22,0.06,25,12.0,7.0,12.0,0.25,0.45,6,15,2,13.333333333333334,0.6666666666666666,4,11,2
25,C0355,0.04,0.18,0.06,25,8.0,7.0,6.0,0.3,0.35,6,15,2,13.333333333333334,0.7,5,12,1
26,C0356,0.04,0.18,0.06,25,8.0,7.0,6.0,0.3,0.45,6,15,2,13.333333333333334,0.7,5,12,1
27,C0359,0.04,0.18,0.06,25,8.0,7.0,12.0,0.3,0.35,6,15,2,13.333333333333334,0.7,5,12,1
28,C0360,0.04,0.18,0.06,25,8.0,7.0,12.0,0.3,0.45,6,15,2,13.333333333333334,0.7,5,12,1
29,C0379,0.04,0.18,0.06,25,12.0,7.0,6.0,0.3,0.35,6,15,2,13.333333333333334,0.7,5,12,1
30,C0380,0.04,0.18,0.06,25,12.0,7.0,6.0,0.3,0.45,6,15,2,13.333333333333334,0.7,5,12,1
31,C0383,0.04,0.18,0.06,25,12.0,7.0,12.0,0.3,0.35,6,15,2,13.333333333333334,0.7,5,12,1
32,C0384,0.04,0.18,0.06,25,12.0,7.0,12.0,0.3,0.45,6,15,2,13.333333333333334,0.7,5,12,1
33,C0209,0.04,0.18,0.05,20,8.0,7.0,6.0,0.25,0.35,6,15,2,13.333333333333334,0.7,5,11,2
34,C0213,0.04,0.18,0.05,20,8.0,7.0,12.0,0.25,0.35,6,15,2,13.333333333333334,0.7,5,11,2
35,C0233,0.04,0.18,0.05,20,12.0,7.0,6.0,0.25,0.35,6,15,2,13.333333333333334,0.7,5,11,2
36,C0237,0.04,0.18,0.05,20,12.0,7.0,12.0,0.25,0.35,6,15,2,13.333333333333334,0.7,5,11,2
37,C0345,0.04,0.18,0.06,25,8.0,5.0,6.0,0.25,0.35,6,15,2,13.333333333333334,0.7,4,11,2
38,C0349,0.04,0.18,0.06,25,8.0,5.0,12.0,0.25,0.35,6,15,2,13.333333333333334,0.7,4,11,2
39,C0754,0.04,0.22,0.06,25,12.0,5.0,6.0,0.25,0.45,6,15,2,13.333333333333334,0.7,4,11,2
40,C0758,0.04,0.22,0.06,25,12.0,5.0,12.0,0.25,0.45,6,15,2,13.333333333333334,0.7,4,11,2
41,C0097,0.04,0.18,0.04,20,8.0,3.0,6.0,0.25,0.35,6,15,2,13.333333333333334,0.7333333333333333,6,12,1
42,C0098,0.04,0.18,0.04,20,8.0,3.0,6.0,0.25,0.45,6,15,2,13.333333333333334,0.7333333333333333,6,12,1
43,C0101,0.04,0.18,0.04,20,8.0,3.0,12.0,0.25,0.35,6,15,2,13.333333333333334,0.7333333333333333,6,12,1
44,C0102,0.04,0.18,0.04,20,8.0,3.0,12.0,0.25,0.45,6,15,2,13.333333333333334,0.7333333333333333,6,12,1
45,C0105,0.04,0.18,0.04,20,8.0,5.0,6.0,0.25,0.35,6,15,2,13.333333333333334,0.7333333333333333,6,12,1
46,C0106,0.04,0.18,0.04,20,8.0,5.0,6.0,0.25,0.45,6,15,2,13.333333333333334,0.7333333333333333,6,12,1
47,C0109,0.04,0.18,0.04,20,8.0,5.0,12.0,0.25,0.35,6,15,2,13.333333333333334,0.7333333333333333,6,12,1
48,C0110,0.04,0.18,0.04,20,8.0,5.0,12.0,0.25,0.45,6,15,2,13.333333333333334,0.7333333333333333,6,12,1
49,C0113,0.04,0.18,0.04,20,8.0,7.0,6.0,0.25,0.35,6,15,2,13.333333333333334,0.7333333333333333,6,12,1
50,C0114,0.04,0.18,0.04,20,8.0,7.0,6.0,0.25,0.45,6,15,2,13.333333333333334,0.7333333333333333,6,12,1
51,C0117,0.04,0.18,0.04,20,8.0,7.0,12.0,0.25,0.35,6,15,2,13.333333333333334,0.7333333333333333,6,12,1
52,C0118,0.04,0.18,0.04,20,8.0,7.0,12.0,0.25,0.45,6,15,2,13.333333333333334,0.7333333333333333,6,12,1
53,C0121,0.04,0.18,0.04,20,12.0,3.0,6.0,0.25,0.35,6,15,2,13.333333333333334,0.7333333333333333,6,12,1
54,C0122,0.04,0.18,0.04,20,12.0,3.0,6.0,0.25,0.45,6,15,2,13.333333333333334,0.7333333333333333,6,12,1
55,C0125,0.04,0.18,0.04,20,12.0,3.0,12.0,0.25,0.35,6,15,2,13.333333333333334,0.7333333333333333,6,12,1
56,C0126,0.04,0.18,0.04,20,12.0,3.0,12.0,0.25,0.45,6,15,2,13.333333333333334,0.7333333333333333,6,12,1
57,C0129,0.04,0.18,0.04,20,12.0,5.0,6.0,0.25,0.35,6,15,2,13.333333333333334,0.7333333333333333,6,12,1
58,C0130,0.04,0.18,0.04,20,12.0,5.0,6.0,0.25,0.45,6,15,2,13.333333333333334,0.7333333333333333,6,12,1
59,C0133,0.04,0.18,0.04,20,12.0,5.0,12.0,0.25,0.35,6,15,2,13.333333333333334,0.7333333333333333,6,12,1
60,C0134,0.04,0.18,0.04,20,12.0,5.0,12.0,0.25,0.45,6,15,2,13.333333333333334,0.7333333333333333,6,12,1
61,C0137,0.04,0.18,0.04,20,12.0,7.0,6.0,0.25,0.35,6,15,2,13.333333333333334,0.7333333333333333,6,12,1
62,C0138,0.04,0.18,0.04,20,12.0,7.0,6.0,0.25,0.45,6,15,2,13.333333333333334,0.7333333333333333,6,12,1
63,C0141,0.04,0.18,0.04,20,12.0,7.0,12.0,0.25,0.35,6,15,2,13.333333333333334,0.7333333333333333,6,12,1
64,C0142,0.04,0.18,0.04,20,12.0,7.0,12.0,0.25,0.45,6,15,2,13.333333333333334,0.7333333333333333,6,12,1
65,C0282,0.04,0.18,0.05,25,12.0,7.0,6.0,0.25,0.45,6,15,2,13.333333333333334,0.7333333333333333,4,11,2
66,C0286,0.04,0.18,0.05,25,12.0,7.0,12.0,0.25,0.45,6,15,2,13.333333333333334,0.7333333333333333,4,11,2
67,C0730,0.04,0.22,0.06,25,8.0,5.0,6.0,0.25,0.45,6,15,2,13.333333333333334,0.7333333333333333,4,11,2
68,C0734,0.04,0.22,0.06,25,8.0,5.0,12.0,0.25,0.45,6,15,2,13.333333333333334,0.7333333333333333,4,11,2
69,C0490,0.04,0.22,0.04,20,8.0,5.0,6.0,0.25,0.45,6,15,2,13.333333333333334,0.7666666666666667,8,12,1
70,C0494,0.04,0.22,0.04,20,8.0,5.0,12.0,0.25,0.45,6,15,2,13.333333333333334,0.7666666666666667,8,12,1
71,C0257,0.04,0.18,0.05,25,8.0,7.0,6.0,0.25,0.35,6,15,2,13.333333333333334,0.7666666666666667,4,11,2
72,C0258,0.04,0.18,0.05,25,8.0,7.0,6.0,0.25,0.45,6,15,2,13.333333333333334,0.7666666666666667,4,11,2
73,C0261,0.04,0.18,0.05,25,8.0,7.0,12.0,0.25,0.35,6,15,2,13.333333333333334,0.7666666666666667,4,11,2
74,C0262,0.04,0.18,0.05,25,8.0,7.0,12.0,0.25,0.45,6,15,2,13.333333333333334,0.7666666666666667,4,11,2
75,C0281,0.04,0.18,0.05,25,12.0,7.0,6.0,0.25,0.35,6,15,2,13.333333333333334,0.7666666666666667,4,11,2
76,C0285,0.04,0.18,0.05,25,12.0,7.0,12.0,0.25,0.35,6,15,2,13.333333333333334,0.7666666666666667,4,11,2
77,C0369,0.04,0.18,0.06,25,12.0,5.0,6.0,0.25,0.35,6,15,2,13.333333333333334,0.7666666666666667,4,11,2
78,C0373,0.04,0.18,0.06,25,12.0,5.0,12.0,0.25,0.35,6,15,2,13.333333333333334,0.7666666666666667,4,11,2
79,C0706,0.04,0.22,0.06,20,12.0,5.0,6.0,0.25,0.45,6,15,2,13.333333333333334,0.7666666666666667,5,11,2
80,C0710,0.04,0.22,0.06,20,12.0,5.0,12.0,0.25,0.45,6,15,2,13.333333333333334,0.7666666666666667,5,11,2
81,C0714,0.04,0.22,0.06,20,12.0,7.0,6.0,0.25,0.45,6,15,2,13.333333333333334,0.7666666666666667,5,11,2
82,C0718,0.04,0.22,0.06,20,12.0,7.0,12.0,0.25,0.45,6,15,2,13.333333333333334,0.7666666666666667,5,11,2
83,C0729,0.04,0.22,0.06,25,8.0,5.0,6.0,0.25,0.35,6,15,2,13.333333333333334,0.7666666666666667,4,11,2
84,C0733,0.04,0.22,0.06,25,8.0,5.0,12.0,0.25,0.35,6,15,2,13.333333333333334,0.7666666666666667,4,11,2
85,C0737,0.04,0.22,0.06,25,8.0,7.0,6.0,0.25,0.35,6,15,2,13.333333333333334,0.7666666666666667,4,11,2
86,C0741,0.04,0.22,0.06,25,8.0,7.0,12.0,0.25,0.35,6,15,2,13.333333333333334,0.7666666666666667,4,11,2
87,C0753,0.04,0.22,0.06,25,12.0,5.0,6.0,0.25,0.35,6,15,2,13.333333333333334,0.7666666666666667,4,11,2
88,C0757,0.04,0.22,0.06,25,12.0,5.0,12.0,0.25,0.35,6,15,2,13.333333333333334,0.7666666666666667,4,11,2
89,C0761,0.04,0.22,0.06,25,12.0,7.0,6.0,0.25,0.35,6,15,2,13.333333333333334,0.7666666666666667,4,11,2
90,C0765,0.04,0.22,0.06,25,12.0,7.0,12.0,0.25,0.35,6,15,2,13.333333333333334,0.7666666666666667,4,11,2
91,C0489,0.04,0.22,0.04,20,8.0,5.0,6.0,0.25,0.35,6,15,2,13.333333333333334,0.8,8,12,1
92,C0493,0.04,0.22,0.04,20,8.0,5.0,12.0,0.25,0.35,6,15,2,13.333333333333334,0.8,8,12,1
93,C0497,0.04,0.22,0.04,20,8.0,7.0,6.0,0.25,0.35,6,15,2,13.333333333333334,0.8,8,12,1
94,C0498,0.04,0.22,0.04,20,8.0,7.0,6.0,0.25,0.45,6,15,2,13.333333333333334,0.8,8,12,1
95,C0501,0.04,0.22,0.04,20,8.0,7.0,12.0,0.25,0.35,6,15,2,13.333333333333334,0.8,8,12,1
96,C0502,0.04,0.22,0.04,20,8.0,7.0,12.0,0.25,0.45,6,15,2,13.333333333333334,0.8,8,12,1
97,C0681,0.04,0.22,0.06,20,8.0,5.0,6.0,0.25,0.35,6,15,2,13.333333333333334,0.8,5,11,2
98,C0682,0.04,0.22,0.06,20,8.0,5.0,6.0,0.25,0.45,6,15,2,13.333333333333334,0.8,5,11,2
99,C0685,0.04,0.22,0.06,20,8.0,5.0,12.0,0.25,0.35,6,15,2,13.333333333333334,0.8,5,11,2
100,C0686,0.04,0.22,0.06,20,8.0,5.0,12.0,0.25,0.45,6,15,2,13.333333333333334,0.8,5,11,2
101,C0689,0.04,0.22,0.06,20,8.0,7.0,6.0,0.25,0.35,6,15,2,13.333333333333334,0.8,5,11,2
102,C0690,0.04,0.22,0.06,20,8.0,7.0,6.0,0.25,0.45,6,15,2,13.333333333333334,0.8,5,11,2
103,C0693,0.04,0.22,0.06,20,8.0,7.0,12.0,0.25,0.35,6,15,2,13.333333333333334,0.8,5,11,2
104,C0694,0.04,0.22,0.06,20,8.0,7.0,12.0,0.25,0.45,6,15,2,13.333333333333334,0.8,5,11,2
105,C0705,0.04,0.22,0.06,20,12.0,5.0,6.0,0.25,0.35,6,15,2,13.333333333333334,0.8,5,11,2
106,C0709,0.04,0.22,0.06,20,12.0,5.0,12.0,0.25,0.35,6,15,2,13.333333333333334,0.8,5,11,2
107,C0713,0.04,0.22,0.06,20,12.0,7.0,6.0,0.25,0.35,6,15,2,13.333333333333334,0.8,5,11,2
108,C0717,0.04,0.22,0.06,20,12.0,7.0,12.0,0.25,0.35,6,15,2,13.333333333333334,0.8,5,11,2
109,C0642,0.04,0.22,0.05,25,8.0,7.0,6.0,0.25,0.45,6,15,1,6.666666666666667,0.7,4,13,1
110,C0646,0.04,0.22,0.05,25,8.0,7.0,12.0,0.25,0.45,6,15,1,6.666666666666667,0.7,4,13,1
111,C0666,0.04,0.22,0.05,25,12.0,7.0,6.0,0.25,0.45,6,15,1,6.666666666666667,0.7,4,13,1
112,C0670,0.04,0.22,0.05,25,12.0,7.0,12.0,0.25,0.45,6,15,1,6.666666666666667,0.7,4,13,1
113,C0626,0.04,0.22,0.05,25,8.0,3.0,6.0,0.25,0.45,6,15,1,6.666666666666667,0.7,4,12,2
114,C0630,0.04,0.22,0.05,25,8.0,3.0,12.0,0.25,0.45,6,15,1,6.666666666666667,0.7,4,12,2
115,C0633,0.04,0.22,0.05,25,8.0,5.0,6.0,0.25,0.35,6,15,1,6.666666666666667,0.7,4,12,2
116,C0637,0.04,0.22,0.05,25,8.0,5.0,12.0,0.25,0.35,6,15,1,6.666666666666667,0.7,4,12,2
117,C0650,0.04,0.22,0.05,25,12.0,3.0,6.0,0.25,0.45,6,15,1,6.666666666666667,0.7,4,12,2
118,C0654,0.04,0.22,0.05,25,12.0,3.0,12.0,0.25,0.45,6,15,1,6.666666666666667,0.7,4,12,2
119,C0657,0.04,0.22,0.05,25,12.0,5.0,6.0,0.25,0.35,6,15,1,6.666666666666667,0.7,4,12,2
120,C0661,0.04,0.22,0.05,25,12.0,5.0,12.0,0.25,0.35,6,15,1,6.666666666666667,0.7,4,12,2
121,C0202,0.04,0.18,0.05,20,8.0,5.0,6.0,0.25,0.45,6,15,1,6.666666666666667,0.7333333333333333,5,12,2
122,C0206,0.04,0.18,0.05,20,8.0,5.0,12.0,0.25,0.45,6,15,1,6.666666666666667,0.7333333333333333,5,12,2
123,C0226,0.04,0.18,0.05,20,12.0,5.0,6.0,0.25,0.45,6,15,1,6.666666666666667,0.7333333333333333,5,12,2
124,C0230,0.04,0.18,0.05,20,12.0,5.0,12.0,0.25,0.45,6,15,1,6.666666666666667,0.7333333333333333,5,12,2
125,C0348,0.04,0.18,0.06,25,8.0,5.0,6.0,0.3,0.45,6,15,1,6.666666666666667,0.7333333333333333,5,12,2
126,C0352,0.04,0.18,0.06,25,8.0,5.0,12.0,0.3,0.45,6,15,1,6.666666666666667,0.7333333333333333,5,12,2
127,C0372,0.04,0.18,0.06,25,12.0,5.0,6.0,0.3,0.45,6,15,1,6.666666666666667,0.7333333333333333,5,12,2
128,C0376,0.04,0.18,0.06,25,12.0,5.0,12.0,0.3,0.45,6,15,1,6.666666666666667,0.7333333333333333,5,12,2
129,C0194,0.04,0.18,0.05,20,8.0,3.0,6.0,0.25,0.45,6,15,1,6.666666666666667,0.7333333333333333,5,11,3
130,C0198,0.04,0.18,0.05,20,8.0,3.0,12.0,0.25,0.45,6,15,1,6.666666666666667,0.7333333333333333,5,11,3
131,C0218,0.04,0.18,0.05,20,12.0,3.0,6.0,0.25,0.45,6,15,1,6.666666666666667,0.7333333333333333,5,11,3
132,C0222,0.04,0.18,0.05,20,12.0,3.0,12.0,0.25,0.45,6,15,1,6.666666666666667,0.7333333333333333,5,11,3
133,C0242,0.04,0.18,0.05,25,8.0,3.0,6.0,0.25,0.45,6,15,1,6.666666666666667,0.7333333333333333,4,11,3
134,C0246,0.04,0.18,0.05,25,8.0,3.0,12.0,0.25,0.45,6,15,1,6.666666666666667,0.7333333333333333,4,11,3
135,C0338,0.04,0.18,0.06,25,8.0,3.0,6.0,0.25,0.45,6,15,1,6.666666666666667,0.7333333333333333,4,10,4
136,C0342,0.04,0.18,0.06,25,8.0,3.0,12.0,0.25,0.45,6,15,1,6.666666666666667,0.7333333333333333,4,10,4
137,C0362,0.04,0.18,0.06,25,12.0,3.0,6.0,0.25,0.45,6,15,1,6.666666666666667,0.7333333333333333,4,10,4
138,C0366,0.04,0.18,0.06,25,12.0,3.0,12.0,0.25,0.45,6,15,1,6.666666666666667,0.7333333333333333,4,10,4
139,C0306,0.04,0.18,0.06,20,8.0,7.0,6.0,0.25,0.45,6,15,1,6.666666666666667,0.7666666666666667,5,12,2
140,C0310,0.04,0.18,0.06,20,8.0,7.0,12.0,0.25,0.45,6,15,1,6.666666666666667,0.7666666666666667,5,12,2
141,C0347,0.04,0.18,0.06,25,8.0,5.0,6.0,0.3,0.35,6,15,1,6.666666666666667,0.7666666666666667,5,12,2
142,C0351,0.04,0.18,0.06,25,8.0,5.0,12.0,0.3,0.35,6,15,1,6.666666666666667,0.7666666666666667,5,12,2
143,C0594,0.04,0.22,0.05,20,8.0,7.0,6.0,0.25,0.45,6,15,1,6.666666666666667,0.7666666666666667,6,12,2
144,C0598,0.04,0.22,0.05,20,8.0,7.0,12.0,0.25,0.45,6,15,1,6.666666666666667,0.7666666666666667,6,12,2
145,C0201,0.04,0.18,0.05,20,8.0,5.0,6.0,0.25,0.35,6,15,1,6.666666666666667,0.7666666666666667,5,11,3
146,C0205,0.04,0.18,0.05,20,8.0,5.0,12.0,0.25,0.35,6,15,1,6.666666666666667,0.7666666666666667,5,11,3
147,C0225,0.04,0.18,0.05,20,12.0,5.0,6.0,0.25,0.35,6,15,1,6.666666666666667,0.7666666666666667,5,11,3
148,C0229,0.04,0.18,0.05,20,12.0,5.0,12.0,0.25,0.35,6,15,1,6.666666666666667,0.7666666666666667,5,11,3
149,C0274,0.04,0.18,0.05,25,12.0,5.0,6.0,0.25,0.45,6,15,1,6.666666666666667,0.7666666666666667,4,11,3
150,C0278,0.04,0.18,0.05,25,12.0,5.0,12.0,0.25,0.45,6,15,1,6.666666666666667,0.7666666666666667,4,11,3
151,C0746,0.04,0.22,0.06,25,12.0,3.0,6.0,0.25,0.45,6,15,1,6.666666666666667,0.7666666666666667,4,11,3
152,C0750,0.04,0.22,0.06,25,12.0,3.0,12.0,0.25,0.45,6,15,1,6.666666666666667,0.7666666666666667,4,11,3
153,C0337,0.04,0.18,0.06,25,8.0,3.0,6.0,0.25,0.35,6,15,1,6.666666666666667,0.7666666666666667,4,10,4
154,C0341,0.04,0.18,0.06,25,8.0,3.0,12.0,0.25,0.35,6,15,1,6.666666666666667,0.7666666666666667,4,10,4
155,C0298,0.04,0.18,0.06,20,8.0,5.0,6.0,0.25,0.45,6,15,1,6.666666666666667,0.8,5,12,2
156,C0302,0.04,0.18,0.06,20,8.0,5.0,12.0,0.25,0.45,6,15,1,6.666666666666667,0.8,5,12,2
157,C0593,0.04,0.22,0.05,20,8.0,7.0,6.0,0.25,0.35,6,15,1,6.666666666666667,0.8,6,12,2
158,C0597,0.04,0.22,0.05,20,8.0,7.0,12.0,0.25,0.35,6,15,1,6.666666666666667,0.8,6,12,2
159,C0618,0.04,0.22,0.05,20,12.0,7.0,6.0,0.25,0.45,6,15,1,6.666666666666667,0.8,6,12,2
160,C0622,0.04,0.22,0.05,20,12.0,7.0,12.0,0.25,0.45,6,15,1,6.666666666666667,0.8,6,12,2
161,C0740,0.04,0.22,0.06,25,8.0,7.0,6.0,0.3,0.45,6,15,1,6.666666666666667,0.8,7,12,2
162,C0744,0.04,0.22,0.06,25,8.0,7.0,12.0,0.3,0.45,6,15,1,6.666666666666667,0.8,7,12,2
163,C0764,0.04,0.22,0.06,25,12.0,7.0,6.0,0.3,0.45,6,15,1,6.666666666666667,0.8,7,12,2
164,C0768,0.04,0.22,0.06,25,12.0,7.0,12.0,0.3,0.45,6,15,1,6.666666666666667,0.8,7,12,2
165,C0241,0.04,0.18,0.05,25,8.0,3.0,6.0,0.25,0.35,6,15,1,6.666666666666667,0.8,4,11,3
166,C0245,0.04,0.18,0.05,25,8.0,3.0,12.0,0.25,0.35,6,15,1,6.666666666666667,0.8,4,11,3
167,C0249,0.04,0.18,0.05,25,8.0,5.0,6.0,0.25,0.35,6,15,1,6.666666666666667,0.8,4,11,3
168,C0250,0.04,0.18,0.05,25,8.0,5.0,6.0,0.25,0.45,6,15,1,6.666666666666667,0.8,4,11,3
169,C0253,0.04,0.18,0.05,25,8.0,5.0,12.0,0.25,0.35,6,15,1,6.666666666666667,0.8,4,11,3
170,C0254,0.04,0.18,0.05,25,8.0,5.0,12.0,0.25,0.45,6,15,1,6.666666666666667,0.8,4,11,3
171,C0265,0.04,0.18,0.05,25,12.0,3.0,6.0,0.25,0.35,6,15,1,6.666666666666667,0.8,4,11,3
172,C0266,0.04,0.18,0.05,25,12.0,3.0,6.0,0.25,0.45,6,15,1,6.666666666666667,0.8,4,11,3
173,C0269,0.04,0.18,0.05,25,12.0,3.0,12.0,0.25,0.35,6,15,1,6.666666666666667,0.8,4,11,3
174,C0270,0.04,0.18,0.05,25,12.0,3.0,12.0,0.25,0.45,6,15,1,6.666666666666667,0.8,4,11,3
175,C0273,0.04,0.18,0.05,25,12.0,5.0,6.0,0.25,0.35,6,15,1,6.666666666666667,0.8,4,11,3
176,C0277,0.04,0.18,0.05,25,12.0,5.0,12.0,0.25,0.35,6,15,1,6.666666666666667,0.8,4,11,3
177,C0721,0.04,0.22,0.06,25,8.0,3.0,6.0,0.25,0.35,6,15,1,6.666666666666667,0.8,4,11,3
178,C0722,0.04,0.22,0.06,25,8.0,3.0,6.0,0.25,0.45,6,15,1,6.666666666666667,0.8,4,11,3
179,C0725,0.04,0.22,0.06,25,8.0,3.0,12.0,0.25,0.35,6,15,1,6.666666666666667,0.8,4,11,3
180,C0726,0.04,0.22,0.06,25,8.0,3.0,12.0,0.25,0.45,6,15,1,6.666666666666667,0.8,4,11,3
181,C0745,0.04,0.22,0.06,25,12.0,3.0,6.0,0.25,0.35,6,15,1,6.666666666666667,0.8,4,11,3
182,C0749,0.04,0.22,0.06,25,12.0,3.0,12.0,0.25,0.35,6,15,1,6.666666666666667,0.8,4,11,3
183,C0361,0.04,0.18,0.06,25,12.0,3.0,6.0,0.25,0.35,6,15,1,6.666666666666667,0.8,4,10,4
184,C0365,0.04,0.18,0.06,25,12.0,3.0,12.0,0.25,0.35,6,15,1,6.666666666666667,0.8,4,10,4
185,C0545,0.04,0.22,0.04,25,8.0,7.0,6.0,0.25,0.35,6,15,1,6.666666666666667,0.8333333333333334,8,13,1
186,C0546,0.04,0.22,0.04,25,8.0,7.0,6.0,0.25,0.45,6,15,1,6.666666666666667,0.8333333333333334,8,13,1
187,C0549,0.04,0.22,0.04,25,8.0,7.0,12.0,0.25,0.35,6,15,1,6.666666666666667,0.8333333333333334,8,13,1
188,C0550,0.04,0.22,0.04,25,8.0,7.0,12.0,0.25,0.45,6,15,1,6.666666666666667,0.8333333333333334,8,13,1
189,C0297,0.04,0.18,0.06,20,8.0,5.0,6.0,0.25,0.35,6,15,1,6.666666666666667,0.8333333333333334,5,12,2
190,C0301,0.04,0.18,0.06,20,8.0,5.0,12.0,0.25,0.35,6,15,1,6.666666666666667,0.8333333333333334,5,12,2
191,C0305,0.04,0.18,0.06,20,8.0,7.0,6.0,0.25,0.35,6,15,1,6.666666666666667,0.8333333333333334,5,12,2
192,C0309,0.04,0.18,0.06,20,8.0,7.0,12.0,0.25,0.35,6,15,1,6.666666666666667,0.8333333333333334,5,12,2
193,C0321,0.04,0.18,0.06,20,12.0,5.0,6.0,0.25,0.35,6,15,1,6.666666666666667,0.8333333333333334,5,12,2
194,C0322,0.04,0.18,0.06,20,12.0,5.0,6.0,0.25,0.45,6,15,1,6.666666666666667,0.8333333333333334,5,12,2
195,C0325,0.04,0.18,0.06,20,12.0,5.0,12.0,0.25,0.35,6,15,1,6.666666666666667,0.8333333333333334,5,12,2
196,C0326,0.04,0.18,0.06,20,12.0,5.0,12.0,0.25,0.45,6,15,1,6.666666666666667,0.8333333333333334,5,12,2
197,C0329,0.04,0.18,0.06,20,12.0,7.0,6.0,0.25,0.35,6,15,1,6.666666666666667,0.8333333333333334,5,12,2
198,C0330,0.04,0.18,0.06,20,12.0,7.0,6.0,0.25,0.45,6,15,1,6.666666666666667,0.8333333333333334,5,12,2
199,C0333,0.04,0.18,0.06,20,12.0,7.0,12.0,0.25,0.35,6,15,1,6.666666666666667,0.8333333333333334,5,12,2
200,C0334,0.04,0.18,0.06,20,12.0,7.0,12.0,0.25,0.45,6,15,1,6.666666666666667,0.8333333333333334,5,12,2
201,C0371,0.04,0.18,0.06,25,12.0,5.0,6.0,0.3,0.35,6,15,1,6.666666666666667,0.8333333333333334,5,12,2
202,C0375,0.04,0.18,0.06,25,12.0,5.0,12.0,0.3,0.35,6,15,1,6.666666666666667,0.8333333333333334,5,12,2
203,C0481,0.04,0.22,0.04,20,8.0,3.0,6.0,0.25,0.35,6,15,1,6.666666666666667,0.8333333333333334,8,12,2
204,C0482,0.04,0.22,0.04,20,8.0,3.0,6.0,0.25,0.45,6,15,1,6.666666666666667,0.8333333333333334,8,12,2
205,C0485,0.04,0.22,0.04,20,8.0,3.0,12.0,0.25,0.35,6,15,1,6.666666666666667,0.8333333333333334,8,12,2
206,C0486,0.04,0.22,0.04,20,8.0,3.0,12.0,0.25,0.45,6,15,1,6.666666666666667,0.8333333333333334,8,12,2
207,C0513,0.04,0.22,0.04,20,12.0,5.0,6.0,0.25,0.35,6,15,1,6.666666666666667,0.8333333333333334,8,12,2
208,C0514,0.04,0.22,0.04,20,12.0,5.0,6.0,0.25,0.45,6,15,1,6.666666666666667,0.8333333333333334,8,12,2
209,C0517,0.04,0.22,0.04,20,12.0,5.0,12.0,0.25,0.35,6,15,1,6.666666666666667,0.8333333333333334,8,12,2
210,C0518,0.04,0.22,0.04,20,12.0,5.0,12.0,0.25,0.45,6,15,1,6.666666666666667,0.8333333333333334,8,12,2
211,C0521,0.04,0.22,0.04,20,12.0,7.0,6.0,0.25,0.35,6,15,1,6.666666666666667,0.8333333333333334,8,12,2
212,C0522,0.04,0.22,0.04,20,12.0,7.0,6.0,0.25,0.45,6,15,1,6.666666666666667,0.8333333333333334,8,12,2
213,C0525,0.04,0.22,0.04,20,12.0,7.0,12.0,0.25,0.35,6,15,1,6.666666666666667,0.8333333333333334,8,12,2
214,C0526,0.04,0.22,0.04,20,12.0,7.0,12.0,0.25,0.45,6,15,1,6.666666666666667,0.8333333333333334,8,12,2
215,C0756,0.04,0.22,0.06,25,12.0,5.0,6.0,0.3,0.45,6,15,1,6.666666666666667,0.8333333333333334,7,12,2
216,C0760,0.04,0.22,0.06,25,12.0,5.0,12.0,0.3,0.45,6,15,1,6.666666666666667,0.8333333333333334,7,12,2
217,C0193,0.04,0.18,0.05,20,8.0,3.0,6.0,0.25,0.35,6,15,1,6.666666666666667,0.8333333333333334,5,11,3
218,C0197,0.04,0.18,0.05,20,8.0,3.0,12.0,0.25,0.35,6,15,1,6.666666666666667,0.8333333333333334,5,11,3
219,C0217,0.04,0.18,0.05,20,12.0,3.0,6.0,0.25,0.35,6,15,1,6.666666666666667,0.8333333333333334,5,11,3
220,C0221,0.04,0.18,0.05,20,12.0,3.0,12.0,0.25,0.35,6,15,1,6.666666666666667,0.8333333333333334,5,11,3
221,C0673,0.04,0.22,0.06,20,8.0,3.0,6.0,0.25,0.35,6,15,1,6.666666666666667,0.8333333333333334,5,11,3
222,C0674,0.04,0.22,0.06,20,8.0,3.0,6.0,0.25,0.45,6,15,1,6.666666666666667,0.8333333333333334,5,11,3
223,C0677,0.04,0.22,0.06,20,8.0,3.0,12.0,0.25,0.35,6,15,1,6.666666666666667,0.8333333333333334,5,11,3
224,C0678,0.04,0.22,0.06,20,8.0,3.0,12.0,0.25,0.45,6,15,1,6.666666666666667,0.8333333333333334,5,11,3
225,C0697,0.04,0.22,0.06,20,12.0,3.0,6.0,0.25,0.35,6,15,1,6.666666666666667,0.8333333333333334,5,11,3
226,C0698,0.04,0.22,0.06,20,12.0,3.0,6.0,0.25,0.45,6,15,1,6.666666666666667,0.8333333333333334,5,11,3
227,C0701,0.04,0.22,0.06,20,12.0,3.0,12.0,0.25,0.35,6,15,1,6.666666666666667,0.8333333333333334,5,11,3
228,C0702,0.04,0.22,0.06,20,12.0,3.0,12.0,0.25,0.45,6,15,1,6.666666666666667,0.8333333333333334,5,11,3
229,C0212,0.04,0.18,0.05,20,8.0,7.0,6.0,0.3,0.45,6,15,1,6.666666666666667,0.8666666666666667,9,13,1
230,C0216,0.04,0.18,0.05,20,8.0,7.0,12.0,0.3,0.45,6,15,1,6.666666666666667,0.8666666666666667,9,13,1
231,C0236,0.04,0.18,0.05,20,12.0,7.0,6.0,0.3,0.45,6,15,1,6.666666666666667,0.8666666666666667,9,13,1
232,C0240,0.04,0.18,0.05,20,12.0,7.0,12.0,0.3,0.45,6,15,1,6.666666666666667,0.8666666666666667,9,13,1
233,C0505,0.04,0.22,0.04,20,12.0,3.0,6.0,0.25,0.35,6,15,1,6.666666666666667,0.8666666666666667,8,12,2
234,C0506,0.04,0.22,0.04,20,12.0,3.0,6.0,0.25,0.45,6,15,1,6.666666666666667,0.8666666666666667,8,12,2
235,C0509,0.04,0.22,0.04,20,12.0,3.0,12.0,0.25,0.35,6,15,1,6.666666666666667,0.8666666666666667,8,12,2
236,C0510,0.04,0.22,0.04,20,12.0,3.0,12.0,0.25,0.45,6,15,1,6.666666666666667,0.8666666666666667,8,12,2
237,C0617,0.04,0.22,0.05,20,12.0,7.0,6.0,0.25,0.35,6,15,1,6.666666666666667,0.8666666666666667,6,12,2
238,C0621,0.04,0.22,0.05,20,12.0,7.0,12.0,0.25,0.35,6,15,1,6.666666666666667,0.8666666666666667,6,12,2
239,C0732,0.04,0.22,0.06,25,8.0,5.0,6.0,0.3,0.45,6,15,1,6.666666666666667,0.8666666666666667,7,12,2
240,C0736,0.04,0.22,0.06,25,8.0,5.0,12.0,0.3,0.45,6,15,1,6.666666666666667,0.8666666666666667,7,12,2
241,C0627,0.04,0.22,0.05,25,8.0,3.0,6.0,0.3,0.35,6,15,1,6.666666666666667,0.9,10,13,1
242,C0628,0.04,0.22,0.05,25,8.0,3.0,6.0,0.3,0.45,6,15,1,6.666666666666667,0.9,10,13,1
243,C0631,0.04,0.22,0.05,25,8.0,3.0,12.0,0.3,0.35,6,15,1,6.666666666666667,0.9,10,13,1
244,C0632,0.04,0.22,0.05,25,8.0,3.0,12.0,0.3,0.45,6,15,1,6.666666666666667,0.9,10,13,1
245,C0643,0.04,0.22,0.05,25,8.0,7.0,6.0,0.3,0.35,6,15,1,6.666666666666667,0.9,10,13,1
246,C0644,0.04,0.22,0.05,25,8.0,7.0,6.0,0.3,0.45,6,15,1,6.666666666666667,0.9,10,13,1
247,C0647,0.04,0.22,0.05,25,8.0,7.0,12.0,0.3,0.35,6,15,1,6.666666666666667,0.9,10,13,1
248,C0648,0.04,0.22,0.05,25,8.0,7.0,12.0,0.3,0.45,6,15,1,6.666666666666667,0.9,10,13,1
249,C0651,0.04,0.22,0.05,25,12.0,3.0,6.0,0.3,0.35,6,15,1,6.666666666666667,0.9,10,13,1
250,C0652,0.04,0.22,0.05,25,12.0,3.0,6.0,0.3,0.45,6,15,1,6.666666666666667,0.9,10,13,1
251,C0655,0.04,0.22,0.05,25,12.0,3.0,12.0,0.3,0.35,6,15,1,6.666666666666667,0.9,10,13,1
252,C0656,0.04,0.22,0.05,25,12.0,3.0,12.0,0.3,0.45,6,15,1,6.666666666666667,0.9,10,13,1
253,C0667,0.04,0.22,0.05,25,12.0,7.0,6.0,0.3,0.35,6,15,1,6.666666666666667,0.9,10,13,1
254,C0668,0.04,0.22,0.05,25,12.0,7.0,6.0,0.3,0.45,6,15,1,6.666666666666667,0.9,10,13,1
255,C0671,0.04,0.22,0.05,25,12.0,7.0,12.0,0.3,0.35,6,15,1,6.666666666666667,0.9,10,13,1
256,C0672,0.04,0.22,0.05,25,12.0,7.0,12.0,0.3,0.45,6,15,1,6.666666666666667,0.9,10,13,1
257,C0708,0.04,0.22,0.06,20,12.0,5.0,6.0,0.3,0.45,6,15,1,6.666666666666667,0.9,8,12,2
258,C0712,0.04,0.22,0.06,20,12.0,5.0,12.0,0.3,0.45,6,15,1,6.666666666666667,0.9,8,12,2
259,C0716,0.04,0.22,0.06,20,12.0,7.0,6.0,0.3,0.45,6,15,1,6.666666666666667,0.9,8,12,2
260,C0720,0.04,0.22,0.06,20,12.0,7.0,12.0,0.3,0.45,6,15,1,6.666666666666667,0.9,8,12,2
261,C0731,0.04,0.22,0.06,25,8.0,5.0,6.0,0.3,0.35,6,15,1,6.666666666666667,0.9,7,12,2
262,C0735,0.04,0.22,0.06,25,8.0,5.0,12.0,0.3,0.35,6,15,1,6.666666666666667,0.9,7,12,2
263,C0739,0.04,0.22,0.06,25,8.0,7.0,6.0,0.3,0.35,6,15,1,6.666666666666667,0.9,7,12,2
264,C0743,0.04,0.22,0.06,25,8.0,7.0,12.0,0.3,0.35,6,15,1,6.666666666666667,0.9,7,12,2
265,C0748,0.04,0.22,0.06,25,12.0,3.0,6.0,0.3,0.45,6,15,1,6.666666666666667,0.9,8,12,2
266,C0752,0.04,0.22,0.06,25,12.0,3.0,12.0,0.3,0.45,6,15,1,6.666666666666667,0.9,8,12,2
267,C0755,0.04,0.22,0.06,25,12.0,5.0,6.0,0.3,0.35,6,15,1,6.666666666666667,0.9,7,12,2
268,C0759,0.04,0.22,0.06,25,12.0,5.0,12.0,0.3,0.35,6,15,1,6.666666666666667,0.9,7,12,2
269,C0763,0.04,0.22,0.06,25,12.0,7.0,6.0,0.3,0.35,6,15,1,6.666666666666667,0.9,7,12,2
270,C0767,0.04,0.22,0.06,25,12.0,7.0,12.0,0.3,0.35,6,15,1,6.666666666666667,0.9,7,12,2
271,C0492,0.04,0.22,0.04,20,8.0,5.0,6.0,0.3,0.45,6,15,1,6.666666666666667,0.9333333333333333,12,13,1
272,C0496,0.04,0.22,0.04,20,8.0,5.0,12.0,0.3,0.45,6,15,1,6.666666666666667,0.9333333333333333,12,13,1
273,C0675,0.04,0.22,0.06,20,8.0,3.0,6.0,0.3,0.35,6,15,1,6.666666666666667,0.9333333333333333,8,12,2
274,C0676,0.04,0.22,0.06,20,8.0,3.0,6.0,0.3,0.45,6,15,1,6.666666666666667,0.9333333333333333,8,12,2
275,C0679,0.04,0.22,0.06,20,8.0,3.0,12.0,0.3,0.35,6,15,1,6.666666666666667,0.9333333333333333,8,12,2
276,C0680,0.04,0.22,0.06,20,8.0,3.0,12.0,0.3,0.45,6,15,1,6.666666666666667,0.9333333333333333,8,12,2
277,C0683,0.04,0.22,0.06,20,8.0,5.0,6.0,0.3,0.35,6,15,1,6.666666666666667,0.9333333333333333,8,12,2
278,C0684,0.04,0.22,0.06,20,8.0,5.0,6.0,0.3,0.45,6,15,1,6.666666666666667,0.9333333333333333,8,12,2
279,C0687,0.04,0.22,0.06,20,8.0,5.0,12.0,0.3,0.35,6,15,1,6.666666666666667,0.9333333333333333,8,12,2
280,C0688,0.04,0.22,0.06,20,8.0,5.0,12.0,0.3,0.45,6,15,1,6.666666666666667,0.9333333333333333,8,12,2
281,C0691,0.04,0.22,0.06,20,8.0,7.0,6.0,0.3,0.35,6,15,1,6.666666666666667,0.9333333333333333,8,12,2
282,C0692,0.04,0.22,0.06,20,8.0,7.0,6.0,0.3,0.45,6,15,1,6.666666666666667,0.9333333333333333,8,12,2
283,C0695,0.04,0.22,0.06,20,8.0,7.0,12.0,0.3,0.35,6,15,1,6.666666666666667,0.9333333333333333,8,12,2
284,C0696,0.04,0.22,0.06,20,8.0,7.0,12.0,0.3,0.45,6,15,1,6.666666666666667,0.9333333333333333,8,12,2
285,C0699,0.04,0.22,0.06,20,12.0,3.0,6.0,0.3,0.35,6,15,1,6.666666666666667,0.9333333333333333,8,12,2
286,C0700,0.04,0.22,0.06,20,12.0,3.0,6.0,0.3,0.45,6,15,1,6.666666666666667,0.9333333333333333,8,12,2
287,C0703,0.04,0.22,0.06,20,12.0,3.0,12.0,0.3,0.35,6,15,1,6.666666666666667,0.9333333333333333,8,12,2
288,C0704,0.04,0.22,0.06,20,12.0,3.0,12.0,0.3,0.45,6,15,1,6.666666666666667,0.9333333333333333,8,12,2
289,C0707,0.04,0.22,0.06,20,12.0,5.0,6.0,0.3,0.35,6,15,1,6.666666666666667,0.9333333333333333,8,12,2
290,C0711,0.04,0.22,0.06,20,12.0,5.0,12.0,0.3,0.35,6,15,1,6.666666666666667,0.9333333333333333,8,12,2
291,C0715,0.04,0.22,0.06,20,12.0,7.0,6.0,0.3,0.35,6,15,1,6.666666666666667,0.9333333333333333,8,12,2
292,C0719,0.04,0.22,0.06,20,12.0,7.0,12.0,0.3,0.35,6,15,1,6.666666666666667,0.9333333333333333,8,12,2
293,C0723,0.04,0.22,0.06,25,8.0,3.0,6.0,0.3,0.35,6,15,1,6.666666666666667,0.9333333333333333,8,12,2
294,C0724,0.04,0.22,0.06,25,8.0,3.0,6.0,0.3,0.45,6,15,1,6.666666666666667,0.9333333333333333,8,12,2
295,C0727,0.04,0.22,0.06,25,8.0,3.0,12.0,0.3,0.35,6,15,1,6.666666666666667,0.9333333333333333,8,12,2
296,C0728,0.04,0.22,0.06,25,8.0,3.0,12.0,0.3,0.45,6,15,1,6.666666666666667,0.9333333333333333,8,12,2
297,C0747,0.04,0.22,0.06,25,12.0,3.0,6.0,0.3,0.35,6,15,1,6.666666666666667,0.9333333333333333,8,12,2
298,C0751,0.04,0.22,0.06,25,12.0,3.0,12.0,0.3,0.35,6,15,1,6.666666666666667,0.9333333333333333,8,12,2
299,C0163,0.04,0.18,0.04,25,8.0,7.0,6.0,0.3,0.35,6,15,1,6.666666666666667,0.9666666666666667,12,13,1
300,C0164,0.04,0.18,0.04,25,8.0,7.0,6.0,0.3,0.45,6,15,1,6.666666666666667,0.9666666666666667,12,13,1
301,C0167,0.04,0.18,0.04,25,8.0,7.0,12.0,0.3,0.35,6,15,1,6.666666666666667,0.9666666666666667,12,13,1
302,C0168,0.04,0.18,0.04,25,8.0,7.0,12.0,0.3,0.45,6,15,1,6.666666666666667,0.9666666666666667,12,13,1
303,C0187,0.04,0.18,0.04,25,12.0,7.0,6.0,0.3,0.35,6,15,1,6.666666666666667,0.9666666666666667,12,13,1
304,C0188,0.04,0.18,0.04,25,12.0,7.0,6.0,0.3,0.45,6,15,1,6.666666666666667,0.9666666666666667,12,13,1
305,C0191,0.04,0.18,0.04,25,12.0,7.0,12.0,0.3,0.35,6,15,1,6.666666666666667,0.9666666666666667,12,13,1
306,C0192,0.04,0.18,0.04,25,12.0,7.0,12.0,0.3,0.45,6,15,1,6.666666666666667,0.9666666666666667,12,13,1
307,C0483,0.04,0.22,0.04,20,8.0,3.0,6.0,0.3,0.35,6,15,1,6.666666666666667,0.9666666666666667,12,13,1
308,C0484,0.04,0.22,0.04,20,8.0,3.0,6.0,0.3,0.45,6,15,1,6.666666666666667,0.9666666666666667,12,13,1
309,C0487,0.04,0.22,0.04,20,8.0,3.0,12.0,0.3,0.35,6,15,1,6.666666666666667,0.9666666666666667,12,13,1
310,C0488,0.04,0.22,0.04,20,8.0,3.0,12.0,0.3,0.45,6,15,1,6.666666666666667,0.9666666666666667,12,13,1
311,C0491,0.04,0.22,0.04,20,8.0,5.0,6.0,0.3,0.35,6,15,1,6.666666666666667,0.9666666666666667,12,13,1
312,C0495,0.04,0.22,0.04,20,8.0,5.0,12.0,0.3,0.35,6,15,1,6.666666666666667,0.9666666666666667,12,13,1
313,C0499,0.04,0.22,0.04,20,8.0,7.0,6.0,0.3,0.35,6,15,1,6.666666666666667,0.9666666666666667,12,13,1
314,C0500,0.04,0.22,0.04,20,8.0,7.0,6.0,0.3,0.45,6,15,1,6.666666666666667,0.9666666666666667,12,13,1
315,C0503,0.04,0.22,0.04,20,8.0,7.0,12.0,0.3,0.35,6,15,1,6.666666666666667,0.9666666666666667,12,13,1
316,C0504,0.04,0.22,0.04,20,8.0,7.0,12.0,0.3,0.45,6,15,1,6.666666666666667,0.9666666666666667,12,13,1
317,C0571,0.04,0.22,0.04,25,12.0,7.0,6.0,0.3,0.35,6,15,1,6.666666666666667,0.9666666666666667,12,13,1
318,C0572,0.04,0.22,0.04,25,12.0,7.0,6.0,0.3,0.45,6,15,1,6.666666666666667,0.9666666666666667,12,13,1
319,C0575,0.04,0.22,0.04,25,12.0,7.0,12.0,0.3,0.35,6,15,1,6.666666666666667,0.9666666666666667,12,13,1
320,C0576,0.04,0.22,0.04,25,12.0,7.0,12.0,0.3,0.45,6,15,1,6.666666666666667,0.9666666666666667,12,13,1
321,C0634,0.04,0.22,0.05,25,8.0,5.0,6.0,0.25,0.45,6,15,0,0.0,0.7333333333333333,4,13,2
322,C0638,0.04,0.22,0.05,25,8.0,5.0,12.0,0.25,0.45,6,15,0,0.0,0.7333333333333333,4,13,2
323,C0658,0.04,0.22,0.05,25,12.0,5.0,6.0,0.25,0.45,6,15,0,0.0,0.7333333333333333,4,13,2
324,C0662,0.04,0.22,0.05,25,12.0,5.0,12.0,0.25,0.45,6,15,0,0.0,0.7333333333333333,4,13,2
325,C0625,0.04,0.22,0.05,25,8.0,3.0,6.0,0.25,0.35,6,15,0,0.0,0.7666666666666667,4,12,3
326,C0629,0.04,0.22,0.05,25,8.0,3.0,12.0,0.25,0.35,6,15,0,0.0,0.7666666666666667,4,12,3
327,C0649,0.04,0.22,0.05,25,12.0,3.0,6.0,0.25,0.35,6,15,0,0.0,0.7666666666666667,4,12,3
328,C0653,0.04,0.22,0.05,25,12.0,3.0,12.0,0.25,0.35,6,15,0,0.0,0.7666666666666667,4,12,3
329,C0161,0.04,0.18,0.04,25,8.0,7.0,6.0,0.25,0.35,6,15,0,0.0,0.8,6,13,2
330,C0162,0.04,0.18,0.04,25,8.0,7.0,6.0,0.25,0.45,6,15,0,0.0,0.8,6,13,2
331,C0165,0.04,0.18,0.04,25,8.0,7.0,12.0,0.25,0.35,6,15,0,0.0,0.8,6,13,2
332,C0166,0.04,0.18,0.04,25,8.0,7.0,12.0,0.25,0.45,6,15,0,0.0,0.8,6,13,2
333,C0185,0.04,0.18,0.04,25,12.0,7.0,6.0,0.25,0.35,6,15,0,0.0,0.8,6,13,2
334,C0186,0.04,0.18,0.04,25,12.0,7.0,6.0,0.25,0.45,6,15,0,0.0,0.8,6,13,2
335,C0189,0.04,0.18,0.04,25,12.0,7.0,12.0,0.25,0.35,6,15,0,0.0,0.8,6,13,2
336,C0190,0.04,0.18,0.04,25,12.0,7.0,12.0,0.25,0.45,6,15,0,0.0,0.8,6,13,2
337,C0145,0.04,0.18,0.04,25,8.0,3.0,6.0,0.25,0.35,6,15,0,0.0,0.8333333333333334,7,13,2
338,C0146,0.04,0.18,0.04,25,8.0,3.0,6.0,0.25,0.45,6,15,0,0.0,0.8333333333333334,7,13,2
339,C0149,0.04,0.18,0.04,25,8.0,3.0,12.0,0.25,0.35,6,15,0,0.0,0.8333333333333334,7,13,2
340,C0150,0.04,0.18,0.04,25,8.0,3.0,12.0,0.25,0.45,6,15,0,0.0,0.8333333333333334,7,13,2
341,C0153,0.04,0.18,0.04,25,8.0,5.0,6.0,0.25,0.35,6,15,0,0.0,0.8333333333333334,7,13,2
342,C0154,0.04,0.18,0.04,25,8.0,5.0,6.0,0.25,0.45,6,15,0,0.0,0.8333333333333334,7,13,2
343,C0157,0.04,0.18,0.04,25,8.0,5.0,12.0,0.25,0.35,6,15,0,0.0,0.8333333333333334,7,13,2
344,C0158,0.04,0.18,0.04,25,8.0,5.0,12.0,0.25,0.45,6,15,0,0.0,0.8333333333333334,7,13,2
345,C0169,0.04,0.18,0.04,25,12.0,3.0,6.0,0.25,0.35,6,15,0,0.0,0.8333333333333334,7,13,2
346,C0170,0.04,0.18,0.04,25,12.0,3.0,6.0,0.25,0.45,6,15,0,0.0,0.8333333333333334,7,13,2
347,C0173,0.04,0.18,0.04,25,12.0,3.0,12.0,0.25,0.35,6,15,0,0.0,0.8333333333333334,7,13,2
348,C0174,0.04,0.18,0.04,25,12.0,3.0,12.0,0.25,0.45,6,15,0,0.0,0.8333333333333334,7,13,2
349,C0177,0.04,0.18,0.04,25,12.0,5.0,6.0,0.25,0.35,6,15,0,0.0,0.8333333333333334,7,13,2
350,C0178,0.04,0.18,0.04,25,12.0,5.0,6.0,0.25,0.45,6,15,0,0.0,0.8333333333333334,7,13,2
351,C0181,0.04,0.18,0.04,25,12.0,5.0,12.0,0.25,0.35,6,15,0,0.0,0.8333333333333334,7,13,2
352,C0182,0.04,0.18,0.04,25,12.0,5.0,12.0,0.25,0.45,6,15,0,0.0,0.8333333333333334,7,13,2
353,C0340,0.04,0.18,0.06,25,8.0,3.0,6.0,0.3,0.45,6,15,0,0.0,0.8333333333333334,6,12,3
354,C0344,0.04,0.18,0.06,25,8.0,3.0,12.0,0.3,0.45,6,15,0,0.0,0.8333333333333334,6,12,3
355,C0364,0.04,0.18,0.06,25,12.0,3.0,6.0,0.3,0.45,6,15,0,0.0,0.8333333333333334,6,12,3
356,C0368,0.04,0.18,0.06,25,12.0,3.0,12.0,0.3,0.45,6,15,0,0.0,0.8333333333333334,6,12,3
357,C0586,0.04,0.22,0.05,20,8.0,5.0,6.0,0.25,0.45,6,15,0,0.0,0.8333333333333334,6,12,3
358,C0590,0.04,0.22,0.05,20,8.0,5.0,12.0,0.25,0.45,6,15,0,0.0,0.8333333333333334,6,12,3
359,C0385,0.04,0.22,0.02,20,8.0,3.0,6.0,0.25,0.35,6,15,0,0.0,0.8666666666666667,11,15,0
360,C0386,0.04,0.22,0.02,20,8.0,3.0,6.0,0.25,0.45,6,15,0,0.0,0.8666666666666667,11,15,0
361,C0389,0.04,0.22,0.02,20,8.0,3.0,12.0,0.25,0.35,6,15,0,0.0,0.8666666666666667,11,15,0
362,C0390,0.04,0.22,0.02,20,8.0,3.0,12.0,0.25,0.45,6,15,0,0.0,0.8666666666666667,11,15,0
363,C0393,0.04,0.22,0.02,20,8.0,5.0,6.0,0.25,0.35,6,15,0,0.0,0.8666666666666667,11,15,0
364,C0394,0.04,0.22,0.02,20,8.0,5.0,6.0,0.25,0.45,6,15,0,0.0,0.8666666666666667,11,15,0
365,C0397,0.04,0.22,0.02,20,8.0,5.0,12.0,0.25,0.35,6,15,0,0.0,0.8666666666666667,11,15,0
366,C0398,0.04,0.22,0.02,20,8.0,5.0,12.0,0.25,0.45,6,15,0,0.0,0.8666666666666667,11,15,0
367,C0401,0.04,0.22,0.02,20,8.0,7.0,6.0,0.25,0.35,6,15,0,0.0,0.8666666666666667,11,15,0
368,C0402,0.04,0.22,0.02,20,8.0,7.0,6.0,0.25,0.45,6,15,0,0.0,0.8666666666666667,11,15,0
369,C0405,0.04,0.22,0.02,20,8.0,7.0,12.0,0.25,0.35,6,15,0,0.0,0.8666666666666667,11,15,0
370,C0406,0.04,0.22,0.02,20,8.0,7.0,12.0,0.25,0.45,6,15,0,0.0,0.8666666666666667,11,15,0
371,C0409,0.04,0.22,0.02,20,12.0,3.0,6.0,0.25,0.35,6,15,0,0.0,0.8666666666666667,11,15,0
372,C0410,0.04,0.22,0.02,20,12.0,3.0,6.0,0.25,0.45,6,15,0,0.0,0.8666666666666667,11,15,0
373,C0413,0.04,0.22,0.02,20,12.0,3.0,12.0,0.25,0.35,6,15,0,0.0,0.8666666666666667,11,15,0
374,C0414,0.04,0.22,0.02,20,12.0,3.0,12.0,0.25,0.45,6,15,0,0.0,0.8666666666666667,11,15,0
375,C0417,0.04,0.22,0.02,20,12.0,5.0,6.0,0.25,0.35,6,15,0,0.0,0.8666666666666667,11,15,0
376,C0418,0.04,0.22,0.02,20,12.0,5.0,6.0,0.25,0.45,6,15,0,0.0,0.8666666666666667,11,15,0
377,C0421,0.04,0.22,0.02,20,12.0,5.0,12.0,0.25,0.35,6,15,0,0.0,0.8666666666666667,11,15,0
378,C0422,0.04,0.22,0.02,20,12.0,5.0,12.0,0.25,0.45,6,15,0,0.0,0.8666666666666667,11,15,0
379,C0425,0.04,0.22,0.02,20,12.0,7.0,6.0,0.25,0.35,6,15,0,0.0,0.8666666666666667,11,15,0
380,C0426,0.04,0.22,0.02,20,12.0,7.0,6.0,0.25,0.45,6,15,0,0.0,0.8666666666666667,11,15,0
381,C0429,0.04,0.22,0.02,20,12.0,7.0,12.0,0.25,0.35,6,15,0,0.0,0.8666666666666667,11,15,0
382,C0430,0.04,0.22,0.02,20,12.0,7.0,12.0,0.25,0.45,6,15,0,0.0,0.8666666666666667,11,15,0
383,C0529,0.04,0.22,0.04,25,8.0,3.0,6.0,0.25,0.35,6,15,0,0.0,0.8666666666666667,8,13,2
384,C0530,0.04,0.22,0.04,25,8.0,3.0,6.0,0.25,0.45,6,15,0,0.0,0.8666666666666667,8,13,2
385,C0533,0.04,0.22,0.04,25,8.0,3.0,12.0,0.25,0.35,6,15,0,0.0,0.8666666666666667,8,13,2
386,C0534,0.04,0.22,0.04,25,8.0,3.0,12.0,0.25,0.45,6,15,0,0.0,0.8666666666666667,8,13,2
387,C0537,0.04,0.22,0.04,25,8.0,5.0,6.0,0.25,0.35,6,15,0,0.0,0.8666666666666667,8,13,2
388,C0538,0.04,0.22,0.04,25,8.0,5.0,6.0,0.25,0.45,6,15,0,0.0,0.8666666666666667,8,13,2
389,C0541,0.04,0.22,0.04,25,8.0,5.0,12.0,0.25,0.35,6,15,0,0.0,0.8666666666666667,8,13,2
390,C0542,0.04,0.22,0.04,25,8.0,5.0,12.0,0.25,0.45,6,15,0,0.0,0.8666666666666667,8,13,2
391,C0561,0.04,0.22,0.04,25,12.0,5.0,6.0,0.25,0.35,6,15,0,0.0,0.8666666666666667,8,13,2
392,C0562,0.04,0.22,0.04,25,12.0,5.0,6.0,0.25,0.45,6,15,0,0.0,0.8666666666666667,8,13,2
393,C0565,0.04,0.22,0.04,25,12.0,5.0,12.0,0.25,0.35,6,15,0,0.0,0.8666666666666667,8,13,2
394,C0566,0.04,0.22,0.04,25,12.0,5.0,12.0,0.25,0.45,6,15,0,0.0,0.8666666666666667,8,13,2
395,C0569,0.04,0.22,0.04,25,12.0,7.0,6.0,0.25,0.35,6,15,0,0.0,0.8666666666666667,8,13,2
396,C0570,0.04,0.22,0.04,25,12.0,7.0,6.0,0.25,0.45,6,15,0,0.0,0.8666666666666667,8,13,2
397,C0573,0.04,0.22,0.04,25,12.0,7.0,12.0,0.25,0.35,6,15,0,0.0,0.8666666666666667,8,13,2
398,C0574,0.04,0.22,0.04,25,12.0,7.0,12.0,0.25,0.45,6,15,0,0.0,0.8666666666666667,8,13,2
399,C0289,0.04,0.18,0.06,20,8.0,3.0,6.0,0.25,0.35,6,15,0,0.0,0.8666666666666667,5,12,3
400,C0290,0.04,0.18,0.06,20,8.0,3.0,6.0,0.25,0.45,6,15,0,0.0,0.8666666666666667,5,12,3
401,C0293,0.04,0.18,0.06,20,8.0,3.0,12.0,0.25,0.35,6,15,0,0.0,0.8666666666666667,5,12,3
402,C0294,0.04,0.18,0.06,20,8.0,3.0,12.0,0.25,0.45,6,15,0,0.0,0.8666666666666667,5,12,3
403,C0313,0.04,0.18,0.06,20,12.0,3.0,6.0,0.25,0.35,6,15,0,0.0,0.8666666666666667,5,12,3
404,C0314,0.04,0.18,0.06,20,12.0,3.0,6.0,0.25,0.45,6,15,0,0.0,0.8666666666666667,5,12,3
405,C0317,0.04,0.18,0.06,20,12.0,3.0,12.0,0.25,0.35,6,15,0,0.0,0.8666666666666667,5,12,3
406,C0318,0.04,0.18,0.06,20,12.0,3.0,12.0,0.25,0.45,6,15,0,0.0,0.8666666666666667,5,12,3
407,C0339,0.04,0.18,0.06,25,8.0,3.0,6.0,0.3,0.35,6,15,0,0.0,0.8666666666666667,6,12,3
408,C0343,0.04,0.18,0.06,25,8.0,3.0,12.0,0.3,0.35,6,15,0,0.0,0.8666666666666667,6,12,3
409,C0585,0.04,0.22,0.05,20,8.0,5.0,6.0,0.25,0.35,6,15,0,0.0,0.8666666666666667,6,12,3
410,C0589,0.04,0.22,0.05,20,8.0,5.0,12.0,0.25,0.35,6,15,0,0.0,0.8666666666666667,6,12,3
411,C0610,0.04,0.22,0.05,20,12.0,5.0,6.0,0.25,0.45,6,15,0,0.0,0.8666666666666667,6,12,3
412,C0614,0.04,0.22,0.05,20,12.0,5.0,12.0,0.25,0.45,6,15,0,0.0,0.8666666666666667,6,12,3
413,C0001,0.04,0.18,0.02,20,8.0,3.0,6.0,0.25,0.35,6,15,0,0.0,0.9,12,15,0
414,C0002,0.04,0.18,0.02,20,8.0,3.0,6.0,0.25,0.45,6,15,0,0.0,0.9,12,15,0
415,C0005,0.04,0.18,0.02,20,8.0,3.0,12.0,0.25,0.35,6,15,0,0.0,0.9,12,15,0
416,C0006,0.04,0.18,0.02,20,8.0,3.0,12.0,0.25,0.45,6,15,0,0.0,0.9,12,15,0
417,C0009,0.04,0.18,0.02,20,8.0,5.0,6.0,0.25,0.35,6,15,0,0.0,0.9,12,15,0
418,C0010,0.04,0.18,0.02,20,8.0,5.0,6.0,0.25,0.45,6,15,0,0.0,0.9,12,15,0
419,C0013,0.04,0.18,0.02,20,8.0,5.0,12.0,0.25,0.35,6,15,0,0.0,0.9,12,15,0
420,C0014,0.04,0.18,0.02,20,8.0,5.0,12.0,0.25,0.45,6,15,0,0.0,0.9,12,15,0
421,C0017,0.04,0.18,0.02,20,8.0,7.0,6.0,0.25,0.35,6,15,0,0.0,0.9,12,15,0
422,C0018,0.04,0.18,0.02,20,8.0,7.0,6.0,0.25,0.45,6,15,0,0.0,0.9,12,15,0
423,C0021,0.04,0.18,0.02,20,8.0,7.0,12.0,0.25,0.35,6,15,0,0.0,0.9,12,15,0
424,C0022,0.04,0.18,0.02,20,8.0,7.0,12.0,0.25,0.45,6,15,0,0.0,0.9,12,15,0
425,C0025,0.04,0.18,0.02,20,12.0,3.0,6.0,0.25,0.35,6,15,0,0.0,0.9,12,15,0
426,C0026,0.04,0.18,0.02,20,12.0,3.0,6.0,0.25,0.45,6,15,0,0.0,0.9,12,15,0
427,C0029,0.04,0.18,0.02,20,12.0,3.0,12.0,0.25,0.35,6,15,0,0.0,0.9,12,15,0
428,C0030,0.04,0.18,0.02,20,12.0,3.0,12.0,0.25,0.45,6,15,0,0.0,0.9,12,15,0
429,C0033,0.04,0.18,0.02,20,12.0,5.0,6.0,0.25,0.35,6,15,0,0.0,0.9,12,15,0
430,C0034,0.04,0.18,0.02,20,12.0,5.0,6.0,0.25,0.45,6,15,0,0.0,0.9,12,15,0
431,C0037,0.04,0.18,0.02,20,12.0,5.0,12.0,0.25,0.35,6,15,0,0.0,0.9,12,15,0
432,C0038,0.04,0.18,0.02,20,12.0,5.0,12.0,0.25,0.45,6,15,0,0.0,0.9,12,15,0
433,C0041,0.04,0.18,0.02,20,12.0,7.0,6.0,0.25,0.35,6,15,0,0.0,0.9,12,15,0
434,C0042,0.04,0.18,0.02,20,12.0,7.0,6.0,0.25,0.45,6,15,0,0.0,0.9,12,15,0
435,C0045,0.04,0.18,0.02,20,12.0,7.0,12.0,0.25,0.35,6,15,0,0.0,0.9,12,15,0
436,C0046,0.04,0.18,0.02,20,12.0,7.0,12.0,0.25,0.45,6,15,0,0.0,0.9,12,15,0
437,C0057,0.04,0.18,0.02,25,8.0,5.0,6.0,0.25,0.35,6,15,0,0.0,0.9,12,15,0
438,C0058,0.04,0.18,0.02,25,8.0,5.0,6.0,0.25,0.45,6,15,0,0.0,0.9,12,15,0
439,C0061,0.04,0.18,0.02,25,8.0,5.0,12.0,0.25,0.35,6,15,0,0.0,0.9,12,15,0
440,C0062,0.04,0.18,0.02,25,8.0,5.0,12.0,0.25,0.45,6,15,0,0.0,0.9,12,15,0
441,C0065,0.04,0.18,0.02,25,8.0,7.0,6.0,0.25,0.35,6,15,0,0.0,0.9,12,15,0
442,C0066,0.04,0.18,0.02,25,8.0,7.0,6.0,0.25,0.45,6,15,0,0.0,0.9,12,15,0
443,C0069,0.04,0.18,0.02,25,8.0,7.0,12.0,0.25,0.35,6,15,0,0.0,0.9,12,15,0
444,C0070,0.04,0.18,0.02,25,8.0,7.0,12.0,0.25,0.45,6,15,0,0.0,0.9,12,15,0
445,C0081,0.04,0.18,0.02,25,12.0,5.0,6.0,0.25,0.35,6,15,0,0.0,0.9,12,15,0
446,C0082,0.04,0.18,0.02,25,12.0,5.0,6.0,0.25,0.45,6,15,0,0.0,0.9,12,15,0
447,C0085,0.04,0.18,0.02,25,12.0,5.0,12.0,0.25,0.35,6,15,0,0.0,0.9,12,15,0
448,C0086,0.04,0.18,0.02,25,12.0,5.0,12.0,0.25,0.45,6,15,0,0.0,0.9,12,15,0
449,C0089,0.04,0.18,0.02,25,12.0,7.0,6.0,0.25,0.35,6,15,0,0.0,0.9,12,15,0
450,C0090,0.04,0.18,0.02,25,12.0,7.0,6.0,0.25,0.45,6,15,0,0.0,0.9,12,15,0
451,C0093,0.04,0.18,0.02,25,12.0,7.0,12.0,0.25,0.35,6,15,0,0.0,0.9,12,15,0
452,C0094,0.04,0.18,0.02,25,12.0,7.0,12.0,0.25,0.45,6,15,0,0.0,0.9,12,15,0
453,C0433,0.04,0.22,0.02,25,8.0,3.0,6.0,0.25,0.35,6,15,0,0.0,0.9,12,15,0
454,C0434,0.04,0.22,0.02,25,8.0,3.0,6.0,0.25,0.45,6,15,0,0.0,0.9,12,15,0
455,C0437,0.04,0.22,0.02,25,8.0,3.0,12.0,0.25,0.35,6,15,0,0.0,0.9,12,15,0
456,C0438,0.04,0.22,0.02,25,8.0,3.0,12.0,0.25,0.45,6,15,0,0.0,0.9,12,15,0
457,C0441,0.04,0.22,0.02,25,8.0,5.0,6.0,0.25,0.35,6,15,0,0.0,0.9,12,15,0
458,C0442,0.04,0.22,0.02,25,8.0,5.0,6.0,0.25,0.45,6,15,0,0.0,0.9,12,15,0
459,C0445,0.04,0.22,0.02,25,8.0,5.0,12.0,0.25,0.35,6,15,0,0.0,0.9,12,15,0
460,C0446,0.04,0.22,0.02,25,8.0,5.0,12.0,0.25,0.45,6,15,0,0.0,0.9,12,15,0
461,C0449,0.04,0.22,0.02,25,8.0,7.0,6.0,0.25,0.35,6,15,0,0.0,0.9,12,15,0
462,C0450,0.04,0.22,0.02,25,8.0,7.0,6.0,0.25,0.45,6,15,0,0.0,0.9,12,15,0
463,C0453,0.04,0.22,0.02,25,8.0,7.0,12.0,0.25,0.35,6,15,0,0.0,0.9,12,15,0
464,C0454,0.04,0.22,0.02,25,8.0,7.0,12.0,0.25,0.45,6,15,0,0.0,0.9,12,15,0
465,C0457,0.04,0.22,0.02,25,12.0,3.0,6.0,0.25,0.35,6,15,0,0.0,0.9,12,15,0
466,C0458,0.04,0.22,0.02,25,12.0,3.0,6.0,0.25,0.45,6,15,0,0.0,0.9,12,15,0
467,C0461,0.04,0.22,0.02,25,12.0,3.0,12.0,0.25,0.35,6,15,0,0.0,0.9,12,15,0
468,C0462,0.04,0.22,0.02,25,12.0,3.0,12.0,0.25,0.45,6,15,0,0.0,0.9,12,15,0
469,C0465,0.04,0.22,0.02,25,12.0,5.0,6.0,0.25,0.35,6,15,0,0.0,0.9,12,15,0
470,C0466,0.04,0.22,0.02,25,12.0,5.0,6.0,0.25,0.45,6,15,0,0.0,0.9,12,15,0
471,C0469,0.04,0.22,0.02,25,12.0,5.0,12.0,0.25,0.35,6,15,0,0.0,0.9,12,15,0
472,C0470,0.04,0.22,0.02,25,12.0,5.0,12.0,0.25,0.45,6,15,0,0.0,0.9,12,15,0
473,C0473,0.04,0.22,0.02,25,12.0,7.0,6.0,0.25,0.35,6,15,0,0.0,0.9,12,15,0
474,C0474,0.04,0.22,0.02,25,12.0,7.0,6.0,0.25,0.45,6,15,0,0.0,0.9,12,15,0
475,C0477,0.04,0.22,0.02,25,12.0,7.0,12.0,0.25,0.35,6,15,0,0.0,0.9,12,15,0
476,C0478,0.04,0.22,0.02,25,12.0,7.0,12.0,0.25,0.45,6,15,0,0.0,0.9,12,15,0
477,C0204,0.04,0.18,0.05,20,8.0,5.0,6.0,0.3,0.45,6,15,0,0.0,0.9,9,14,1
478,C0208,0.04,0.18,0.05,20,8.0,5.0,12.0,0.3,0.45,6,15,0,0.0,0.9,9,14,1
479,C0228,0.04,0.18,0.05,20,12.0,5.0,6.0,0.3,0.45,6,15,0,0.0,0.9,9,14,1
480,C0232,0.04,0.18,0.05,20,12.0,5.0,12.0,0.3,0.45,6,15,0,0.0,0.9,9,14,1
481,C0196,0.04,0.18,0.05,20,8.0,3.0,6.0,0.3,0.45,6,15,0,0.0,0.9,9,13,2
482,C0200,0.04,0.18,0.05,20,8.0,3.0,12.0,0.3,0.45,6,15,0,0.0,0.9,9,13,2
483,C0203,0.04,0.18,0.05,20,8.0,5.0,6.0,0.3,0.35,6,15,0,0.0,0.9,9,13,2
484,C0207,0.04,0.18,0.05,20,8.0,5.0,12.0,0.3,0.35,6,15,0,0.0,0.9,9,13,2
485,C0211,0.04,0.18,0.05,20,8.0,7.0,6.0,0.3,0.35,6,15,0,0.0,0.9,9,13,2
486,C0215,0.04,0.18,0.05,20,8.0,7.0,12.0,0.3,0.35,6,15,0,0.0,0.9,9,13,2
487,C0220,0.04,0.18,0.05,20,12.0,3.0,6.0,0.3,0.45,6,15,0,0.0,0.9,9,13,2
488,C0224,0.04,0.18,0.05,20,12.0,3.0,12.0,0.3,0.45,6,15,0,0.0,0.9,9,13,2
489,C0227,0.04,0.18,0.05,20,12.0,5.0,6.0,0.3,0.35,6,15,0,0.0,0.9,9,13,2
490,C0231,0.04,0.18,0.05,20,12.0,5.0,12.0,0.3,0.35,6,15,0,0.0,0.9,9,13,2
491,C0235,0.04,0.18,0.05,20,12.0,7.0,6.0,0.3,0.35,6,15,0,0.0,0.9,9,13,2
492,C0239,0.04,0.18,0.05,20,12.0,7.0,12.0,0.3,0.35,6,15,0,0.0,0.9,9,13,2
493,C0308,0.04,0.18,0.06,20,8.0,7.0,6.0,0.3,0.45,6,15,0,0.0,0.9,8,13,2
494,C0312,0.04,0.18,0.06,20,8.0,7.0,12.0,0.3,0.45,6,15,0,0.0,0.9,8,13,2
495,C0553,0.04,0.22,0.04,25,12.0,3.0,6.0,0.25,0.35,6,15,0,0.0,0.9,8,13,2
496,C0554,0.04,0.22,0.04,25,12.0,3.0,6.0,0.25,0.45,6,15,0,0.0,0.9,8,13,2
497,C0557,0.04,0.22,0.04,25,12.0,3.0,12.0,0.25,0.35,6,15,0,0.0,0.9,8,13,2
498,C0558,0.04,0.22,0.04,25,12.0,3.0,12.0,0.25,0.45,6,15,0,0.0,0.9,8,13,2
499,C0363,0.04,0.18,0.06,25,12.0,3.0,6.0,0.3,0.35,6,15,0,0.0,0.9,6,12,3
500,C0367,0.04,0.18,0.06,25,12.0,3.0,12.0,0.3,0.35,6,15,0,0.0,0.9,6,12,3
501,C0577,0.04,0.22,0.05,20,8.0,3.0,6.0,0.25,0.35,6,15,0,0.0,0.9,6,12,3
502,C0578,0.04,0.22,0.05,20,8.0,3.0,6.0,0.25,0.45,6,15,0,0.0,0.9,6,12,3
503,C0581,0.04,0.22,0.05,20,8.0,3.0,12.0,0.25,0.35,6,15,0,0.0,0.9,6,12,3
504,C0582,0.04,0.22,0.05,20,8.0,3.0,12.0,0.25,0.45,6,15,0,0.0,0.9,6,12,3
505,C0601,0.04,0.22,0.05,20,12.0,3.0,6.0,0.25,0.35,6,15,0,0.0,0.9,6,12,3
506,C0602,0.04,0.22,0.05,20,12.0,3.0,6.0,0.25,0.45,6,15,0,0.0,0.9,6,12,3
507,C0605,0.04,0.22,0.05,20,12.0,3.0,12.0,0.25,0.35,6,15,0,0.0,0.9,6,12,3
508,C0606,0.04,0.22,0.05,20,12.0,3.0,12.0,0.25,0.45,6,15,0,0.0,0.9,6,12,3
509,C0609,0.04,0.22,0.05,20,12.0,5.0,6.0,0.25,0.35,6,15,0,0.0,0.9,6,12,3
510,C0613,0.04,0.22,0.05,20,12.0,5.0,12.0,0.25,0.35,6,15,0,0.0,0.9,6,12,3
511,C0049,0.04,0.18,0.02,25,8.0,3.0,6.0,0.25,0.35,6,15,0,0.0,0.9333333333333333,13,15,0
512,C0050,0.04,0.18,0.02,25,8.0,3.0,6.0,0.25,0.45,6,15,0,0.0,0.9333333333333333,13,15,0
513,C0053,0.04,0.18,0.02,25,8.0,3.0,12.0,0.25,0.35,6,15,0,0.0,0.9333333333333333,13,15,0
514,C0054,0.04,0.18,0.02,25,8.0,3.0,12.0,0.25,0.45,6,15,0,0.0,0.9333333333333333,13,15,0
515,C0073,0.04,0.18,0.02,25,12.0,3.0,6.0,0.25,0.35,6,15,0,0.0,0.9333333333333333,13,15,0
516,C0074,0.04,0.18,0.02,25,12.0,3.0,6.0,0.25,0.45,6,15,0,0.0,0.9333333333333333,13,15,0
517,C0077,0.04,0.18,0.02,25,12.0,3.0,12.0,0.25,0.35,6,15,0,0.0,0.9333333333333333,13,15,0
518,C0078,0.04,0.18,0.02,25,12.0,3.0,12.0,0.25,0.45,6,15,0,0.0,0.9333333333333333,13,15,0
519,C0635,0.04,0.22,0.05,25,8.0,5.0,6.0,0.3,0.35,6,15,0,0.0,0.9333333333333333,10,14,1
520,C0636,0.04,0.22,0.05,25,8.0,5.0,6.0,0.3,0.45,6,15,0,0.0,0.9333333333333333,10,14,1
521,C0639,0.04,0.22,0.05,25,8.0,5.0,12.0,0.3,0.35,6,15,0,0.0,0.9333333333333333,10,14,1
522,C0640,0.04,0.22,0.05,25,8.0,5.0,12.0,0.3,0.45,6,15,0,0.0,0.9333333333333333,10,14,1
523,C0659,0.04,0.22,0.05,25,12.0,5.0,6.0,0.3,0.35,6,15,0,0.0,0.9333333333333333,10,14,1
524,C0660,0.04,0.22,0.05,25,12.0,5.0,6.0,0.3,0.45,6,15,0,0.0,0.9333333333333333,10,14,1
525,C0663,0.04,0.22,0.05,25,12.0,5.0,12.0,0.3,0.35,6,15,0,0.0,0.9333333333333333,10,14,1
526,C0664,0.04,0.22,0.05,25,12.0,5.0,12.0,0.3,0.45,6,15,0,0.0,0.9333333333333333,10,14,1
527,C0243,0.04,0.18,0.05,25,8.0,3.0,6.0,0.3,0.35,6,15,0,0.0,0.9333333333333333,9,13,2
528,C0244,0.04,0.18,0.05,25,8.0,3.0,6.0,0.3,0.45,6,15,0,0.0,0.9333333333333333,9,13,2
529,C0247,0.04,0.18,0.05,25,8.0,3.0,12.0,0.3,0.35,6,15,0,0.0,0.9333333333333333,9,13,2
530,C0248,0.04,0.18,0.05,25,8.0,3.0,12.0,0.3,0.45,6,15,0,0.0,0.9333333333333333,9,13,2
531,C0259,0.04,0.18,0.05,25,8.0,7.0,6.0,0.3,0.35,6,15,0,0.0,0.9333333333333333,8,13,2
532,C0260,0.04,0.18,0.05,25,8.0,7.0,6.0,0.3,0.45,6,15,0,0.0,0.9333333333333333,8,13,2
533,C0263,0.04,0.18,0.05,25,8.0,7.0,12.0,0.3,0.35,6,15,0,0.0,0.9333333333333333,8,13,2
534,C0264,0.04,0.18,0.05,25,8.0,7.0,12.0,0.3,0.45,6,15,0,0.0,0.9333333333333333,8,13,2
535,C0284,0.04,0.18,0.05,25,12.0,7.0,6.0,0.3,0.45,6,15,0,0.0,0.9333333333333333,8,13,2
536,C0288,0.04,0.18,0.05,25,12.0,7.0,12.0,0.3,0.45,6,15,0,0.0,0.9333333333333333,8,13,2
537,C0300,0.04,0.18,0.06,20,8.0,5.0,6.0,0.3,0.45,6,15,0,0.0,0.9333333333333333,8,13,2
538,C0304,0.04,0.18,0.06,20,8.0,5.0,12.0,0.3,0.45,6,15,0,0.0,0.9333333333333333,8,13,2
539,C0003,0.04,0.18,0.02,20,8.0,3.0,6.0,0.3,0.35,6,15,0,0.0,0.9666666666666667,14,15,0
540,C0004,0.04,0.18,0.02,20,8.0,3.0,6.0,0.3,0.45,6,15,0,0.0,0.9666666666666667,14,15,0
541,C0007,0.04,0.18,0.02,20,8.0,3.0,12.0,0.3,0.35,6,15,0,0.0,0.9666666666666667,14,15,0
542,C0008,0.04,0.18,0.02,20,8.0,3.0,12.0,0.3,0.45,6,15,0,0.0,0.9666666666666667,14,15,0
543,C0011,0.04,0.18,0.02,20,8.0,5.0,6.0,0.3,0.35,6,15,0,0.0,0.9666666666666667,14,15,0
544,C0012,0.04,0.18,0.02,20,8.0,5.0,6.0,0.3,0.45,6,15,0,0.0,0.9666666666666667,14,15,0
545,C0015,0.04,0.18,0.02,20,8.0,5.0,12.0,0.3,0.35,6,15,0,0.0,0.9666666666666667,14,15,0
546,C0016,0.04,0.18,0.02,20,8.0,5.0,12.0,0.3,0.45,6,15,0,0.0,0.9666666666666667,14,15,0
547,C0019,0.04,0.18,0.02,20,8.0,7.0,6.0,0.3,0.35,6,15,0,0.0,0.9666666666666667,14,15,0
548,C0020,0.04,0.18,0.02,20,8.0,7.0,6.0,0.3,0.45,6,15,0,0.0,0.9666666666666667,14,15,0
549,C0023,0.04,0.18,0.02,20,8.0,7.0,12.0,0.3,0.35,6,15,0,0.0,0.9666666666666667,14,15,0
550,C0024,0.04,0.18,0.02,20,8.0,7.0,12.0,0.3,0.45,6,15,0,0.0,0.9666666666666667,14,15,0
551,C0027,0.04,0.18,0.02,20,12.0,3.0,6.0,0.3,0.35,6,15,0,0.0,0.9666666666666667,14,15,0
552,C0028,0.04,0.18,0.02,20,12.0,3.0,6.0,0.3,0.45,6,15,0,0.0,0.9666666666666667,14,15,0
553,C0031,0.04,0.18,0.02,20,12.0,3.0,12.0,0.3,0.35,6,15,0,0.0,0.9666666666666667,14,15,0
554,C0032,0.04,0.18,0.02,20,12.0,3.0,12.0,0.3,0.45,6,15,0,0.0,0.9666666666666667,14,15,0
555,C0035,0.04,0.18,0.02,20,12.0,5.0,6.0,0.3,0.35,6,15,0,0.0,0.9666666666666667,14,15,0
556,C0036,0.04,0.18,0.02,20,12.0,5.0,6.0,0.3,0.45,6,15,0,0.0,0.9666666666666667,14,15,0
557,C0039,0.04,0.18,0.02,20,12.0,5.0,12.0,0.3,0.35,6,15,0,0.0,0.9666666666666667,14,15,0
558,C0040,0.04,0.18,0.02,20,12.0,5.0,12.0,0.3,0.45,6,15,0,0.0,0.9666666666666667,14,15,0
559,C0043,0.04,0.18,0.02,20,12.0,7.0,6.0,0.3,0.35,6,15,0,0.0,0.9666666666666667,14,15,0
560,C0044,0.04,0.18,0.02,20,12.0,7.0,6.0,0.3,0.45,6,15,0,0.0,0.9666666666666667,14,15,0
561,C0047,0.04,0.18,0.02,20,12.0,7.0,12.0,0.3,0.35,6,15,0,0.0,0.9666666666666667,14,15,0
562,C0048,0.04,0.18,0.02,20,12.0,7.0,12.0,0.3,0.45,6,15,0,0.0,0.9666666666666667,14,15,0
563,C0059,0.04,0.18,0.02,25,8.0,5.0,6.0,0.3,0.35,6,15,0,0.0,0.9666666666666667,14,15,0
564,C0060,0.04,0.18,0.02,25,8.0,5.0,6.0,0.3,0.45,6,15,0,0.0,0.9666666666666667,14,15,0
565,C0063,0.04,0.18,0.02,25,8.0,5.0,12.0,0.3,0.35,6,15,0,0.0,0.9666666666666667,14,15,0
566,C0064,0.04,0.18,0.02,25,8.0,5.0,12.0,0.3,0.45,6,15,0,0.0,0.9666666666666667,14,15,0
567,C0067,0.04,0.18,0.02,25,8.0,7.0,6.0,0.3,0.35,6,15,0,0.0,0.9666666666666667,14,15,0
568,C0068,0.04,0.18,0.02,25,8.0,7.0,6.0,0.3,0.45,6,15,0,0.0,0.9666666666666667,14,15,0
569,C0071,0.04,0.18,0.02,25,8.0,7.0,12.0,0.3,0.35,6,15,0,0.0,0.9666666666666667,14,15,0
570,C0072,0.04,0.18,0.02,25,8.0,7.0,12.0,0.3,0.45,6,15,0,0.0,0.9666666666666667,14,15,0
571,C0083,0.04,0.18,0.02,25,12.0,5.0,6.0,0.3,0.35,6,15,0,0.0,0.9666666666666667,14,15,0
572,C0084,0.04,0.18,0.02,25,12.0,5.0,6.0,0.3,0.45,6,15,0,0.0,0.9666666666666667,14,15,0
573,C0087,0.04,0.18,0.02,25,12.0,5.0,12.0,0.3,0.35,6,15,0,0.0,0.9666666666666667,14,15,0
574,C0088,0.04,0.18,0.02,25,12.0,5.0,12.0,0.3,0.45,6,15,0,0.0,0.9666666666666667,14,15,0
575,C0091,0.04,0.18,0.02,25,12.0,7.0,6.0,0.3,0.35,6,15,0,0.0,0.9666666666666667,14,15,0
576,C0092,0.04,0.18,0.02,25,12.0,7.0,6.0,0.3,0.45,6,15,0,0.0,0.9666666666666667,14,15,0
577,C0095,0.04,0.18,0.02,25,12.0,7.0,12.0,0.3,0.35,6,15,0,0.0,0.9666666666666667,14,15,0
578,C0096,0.04,0.18,0.02,25,12.0,7.0,12.0,0.3,0.45,6,15,0,0.0,0.9666666666666667,14,15,0
579,C0387,0.04,0.22,0.02,20,8.0,3.0,6.0,0.3,0.35,6,15,0,0.0,0.9666666666666667,14,15,0
580,C0388,0.04,0.22,0.02,20,8.0,3.0,6.0,0.3,0.45,6,15,0,0.0,0.9666666666666667,14,15,0
581,C0391,0.04,0.22,0.02,20,8.0,3.0,12.0,0.3,0.35,6,15,0,0.0,0.9666666666666667,14,15,0
582,C0392,0.04,0.22,0.02,20,8.0,3.0,12.0,0.3,0.45,6,15,0,0.0,0.9666666666666667,14,15,0
583,C0395,0.04,0.22,0.02,20,8.0,5.0,6.0,0.3,0.35,6,15,0,0.0,0.9666666666666667,14,15,0
584,C0396,0.04,0.22,0.02,20,8.0,5.0,6.0,0.3,0.45,6,15,0,0.0,0.9666666666666667,14,15,0
585,C0399,0.04,0.22,0.02,20,8.0,5.0,12.0,0.3,0.35,6,15,0,0.0,0.9666666666666667,14,15,0
586,C0400,0.04,0.22,0.02,20,8.0,5.0,12.0,0.3,0.45,6,15,0,0.0,0.9666666666666667,14,15,0
587,C0403,0.04,0.22,0.02,20,8.0,7.0,6.0,0.3,0.35,6,15,0,0.0,0.9666666666666667,14,15,0
588,C0404,0.04,0.22,0.02,20,8.0,7.0,6.0,0.3,0.45,6,15,0,0.0,0.9666666666666667,14,15,0
589,C0407,0.04,0.22,0.02,20,8.0,7.0,12.0,0.3,0.35,6,15,0,0.0,0.9666666666666667,14,15,0
590,C0408,0.04,0.22,0.02,20,8.0,7.0,12.0,0.3,0.45,6,15,0,0.0,0.9666666666666667,14,15,0
591,C0411,0.04,0.22,0.02,20,12.0,3.0,6.0,0.3,0.35,6,15,0,0.0,0.9666666666666667,14,15,0
592,C0412,0.04,0.22,0.02,20,12.0,3.0,6.0,0.3,0.45,6,15,0,0.0,0.9666666666666667,14,15,0
593,C0415,0.04,0.22,0.02,20,12.0,3.0,12.0,0.3,0.35,6,15,0,0.0,0.9666666666666667,14,15,0
594,C0416,0.04,0.22,0.02,20,12.0,3.0,12.0,0.3,0.45,6,15,0,0.0,0.9666666666666667,14,15,0
595,C0419,0.04,0.22,0.02,20,12.0,5.0,6.0,0.3,0.35,6,15,0,0.0,0.9666666666666667,14,15,0
596,C0420,0.04,0.22,0.02,20,12.0,5.0,6.0,0.3,0.45,6,15,0,0.0,0.9666666666666667,14,15,0
597,C0423,0.04,0.22,0.02,20,12.0,5.0,12.0,0.3,0.35,6,15,0,0.0,0.9666666666666667,14,15,0
598,C0424,0.04,0.22,0.02,20,12.0,5.0,12.0,0.3,0.45,6,15,0,0.0,0.9666666666666667,14,15,0
599,C0427,0.04,0.22,0.02,20,12.0,7.0,6.0,0.3,0.35,6,15,0,0.0,0.9666666666666667,14,15,0
600,C0428,0.04,0.22,0.02,20,12.0,7.0,6.0,0.3,0.45,6,15,0,0.0,0.9666666666666667,14,15,0
601,C0431,0.04,0.22,0.02,20,12.0,7.0,12.0,0.3,0.35,6,15,0,0.0,0.9666666666666667,14,15,0
602,C0432,0.04,0.22,0.02,20,12.0,7.0,12.0,0.3,0.45,6,15,0,0.0,0.9666666666666667,14,15,0
603,C0435,0.04,0.22,0.02,25,8.0,3.0,6.0,0.3,0.35,6,15,0,0.0,0.9666666666666667,14,15,0
604,C0436,0.04,0.22,0.02,25,8.0,3.0,6.0,0.3,0.45,6,15,0,0.0,0.9666666666666667,14,15,0
605,C0439,0.04,0.22,0.02,25,8.0,3.0,12.0,0.3,0.35,6,15,0,0.0,0.9666666666666667,14,15,0
606,C0440,0.04,0.22,0.02,25,8.0,3.0,12.0,0.3,0.45,6,15,0,0.0,0.9666666666666667,14,15,0
607,C0443,0.04,0.22,0.02,25,8.0,5.0,6.0,0.3,0.35,6,15,0,0.0,0.9666666666666667,14,15,0
608,C0444,0.04,0.22,0.02,25,8.0,5.0,6.0,0.3,0.45,6,15,0,0.0,0.9666666666666667,14,15,0
609,C0447,0.04,0.22,0.02,25,8.0,5.0,12.0,0.3,0.35,6,15,0,0.0,0.9666666666666667,14,15,0
610,C0448,0.04,0.22,0.02,25,8.0,5.0,12.0,0.3,0.45,6,15,0,0.0,0.9666666666666667,14,15,0
611,C0451,0.04,0.22,0.02,25,8.0,7.0,6.0,0.3,0.35,6,15,0,0.0,0.9666666666666667,14,15,0
612,C0452,0.04,0.22,0.02,25,8.0,7.0,6.0,0.3,0.45,6,15,0,0.0,0.9666666666666667,14,15,0
613,C0455,0.04,0.22,0.02,25,8.0,7.0,12.0,0.3,0.35,6,15,0,0.0,0.9666666666666667,14,15,0
614,C0456,0.04,0.22,0.02,25,8.0,7.0,12.0,0.3,0.45,6,15,0,0.0,0.9666666666666667,14,15,0
615,C0459,0.04,0.22,0.02,25,12.0,3.0,6.0,0.3,0.35,6,15,0,0.0,0.9666666666666667,14,15,0
616,C0460,0.04,0.22,0.02,25,12.0,3.0,6.0,0.3,0.45,6,15,0,0.0,0.9666666666666667,14,15,0
617,C0463,0.04,0.22,0.02,25,12.0,3.0,12.0,0.3,0.35,6,15,0,0.0,0.9666666666666667,14,15,0
618,C0464,0.04,0.22,0.02,25,12.0,3.0,12.0,0.3,0.45,6,15,0,0.0,0.9666666666666667,14,15,0
619,C0467,0.04,0.22,0.02,25,12.0,5.0,6.0,0.3,0.35,6,15,0,0.0,0.9666666666666667,14,15,0
620,C0468,0.04,0.22,0.02,25,12.0,5.0,6.0,0.3,0.45,6,15,0,0.0,0.9666666666666667,14,15,0
621,C0471,0.04,0.22,0.02,25,12.0,5.0,12.0,0.3,0.35,6,15,0,0.0,0.9666666666666667,14,15,0
622,C0472,0.04,0.22,0.02,25,12.0,5.0,12.0,0.3,0.45,6,15,0,0.0,0.9666666666666667,14,15,0
623,C0475,0.04,0.22,0.02,25,12.0,7.0,6.0,0.3,0.35,6,15,0,0.0,0.9666666666666667,14,15,0
624,C0476,0.04,0.22,0.02,25,12.0,7.0,6.0,0.3,0.45,6,15,0,0.0,0.9666666666666667,14,15,0
625,C0479,0.04,0.22,0.02,25,12.0,7.0,12.0,0.3,0.35,6,15,0,0.0,0.9666666666666667,14,15,0
626,C0480,0.04,0.22,0.02,25,12.0,7.0,12.0,0.3,0.45,6,15,0,0.0,0.9666666666666667,14,15,0
627,C0099,0.04,0.18,0.04,20,8.0,3.0,6.0,0.3,0.35,6,15,0,0.0,0.9666666666666667,11,14,1
628,C0100,0.04,0.18,0.04,20,8.0,3.0,6.0,0.3,0.45,6,15,0,0.0,0.9666666666666667,11,14,1
629,C0103,0.04,0.18,0.04,20,8.0,3.0,12.0,0.3,0.35,6,15,0,0.0,0.9666666666666667,11,14,1
630,C0104,0.04,0.18,0.04,20,8.0,3.0,12.0,0.3,0.45,6,15,0,0.0,0.9666666666666667,11,14,1
631,C0107,0.04,0.18,0.04,20,8.0,5.0,6.0,0.3,0.35,6,15,0,0.0,0.9666666666666667,11,14,1
632,C0108,0.04,0.18,0.04,20,8.0,5.0,6.0,0.3,0.45,6,15,0,0.0,0.9666666666666667,11,14,1
633,C0111,0.04,0.18,0.04,20,8.0,5.0,12.0,0.3,0.35,6,15,0,0.0,0.9666666666666667,11,14,1
634,C0112,0.04,0.18,0.04,20,8.0,5.0,12.0,0.3,0.45,6,15,0,0.0,0.9666666666666667,11,14,1
635,C0115,0.04,0.18,0.04,20,8.0,7.0,6.0,0.3,0.35,6,15,0,0.0,0.9666666666666667,11,14,1
636,C0116,0.04,0.18,0.04,20,8.0,7.0,6.0,0.3,0.45,6,15,0,0.0,0.9666666666666667,11,14,1
637,C0119,0.04,0.18,0.04,20,8.0,7.0,12.0,0.3,0.35,6,15,0,0.0,0.9666666666666667,11,14,1
638,C0120,0.04,0.18,0.04,20,8.0,7.0,12.0,0.3,0.45,6,15,0,0.0,0.9666666666666667,11,14,1
639,C0123,0.04,0.18,0.04,20,12.0,3.0,6.0,0.3,0.35,6,15,0,0.0,0.9666666666666667,11,14,1
640,C0124,0.04,0.18,0.04,20,12.0,3.0,6.0,0.3,0.45,6,15,0,0.0,0.9666666666666667,11,14,1
641,C0127,0.04,0.18,0.04,20,12.0,3.0,12.0,0.3,0.35,6,15,0,0.0,0.9666666666666667,11,14,1
642,C0128,0.04,0.18,0.04,20,12.0,3.0,12.0,0.3,0.45,6,15,0,0.0,0.9666666666666667,11,14,1
643,C0131,0.04,0.18,0.04,20,12.0,5.0,6.0,0.3,0.35,6,15,0,0.0,0.9666666666666667,11,14,1
644,C0132,0.04,0.18,0.04,20,12.0,5.0,6.0,0.3,0.45,6,15,0,0.0,0.9666666666666667,11,14,1
645,C0135,0.04,0.18,0.04,20,12.0,5.0,12.0,0.3,0.35,6,15,0,0.0,0.9666666666666667,11,14,1
646,C0136,0.04,0.18,0.04,20,12.0,5.0,12.0,0.3,0.45,6,15,0,0.0,0.9666666666666667,11,14,1
647,C0139,0.04,0.18,0.04,20,12.0,7.0,6.0,0.3,0.35,6,15,0,0.0,0.9666666666666667,11,14,1
648,C0140,0.04,0.18,0.04,20,12.0,7.0,6.0,0.3,0.45,6,15,0,0.0,0.9666666666666667,11,14,1
649,C0143,0.04,0.18,0.04,20,12.0,7.0,12.0,0.3,0.35,6,15,0,0.0,0.9666666666666667,11,14,1
650,C0144,0.04,0.18,0.04,20,12.0,7.0,12.0,0.3,0.45,6,15,0,0.0,0.9666666666666667,11,14,1
651,C0195,0.04,0.18,0.05,20,8.0,3.0,6.0,0.3,0.35,6,15,0,0.0,0.9666666666666667,9,13,2
652,C0199,0.04,0.18,0.05,20,8.0,3.0,12.0,0.3,0.35,6,15,0,0.0,0.9666666666666667,9,13,2
653,C0219,0.04,0.18,0.05,20,12.0,3.0,6.0,0.3,0.35,6,15,0,0.0,0.9666666666666667,9,13,2
654,C0223,0.04,0.18,0.05,20,12.0,3.0,12.0,0.3,0.35,6,15,0,0.0,0.9666666666666667,9,13,2
655,C0251,0.04,0.18,0.05,25,8.0,5.0,6.0,0.3,0.35,6,15,0,0.0,0.9666666666666667,9,13,2
656,C0252,0.04,0.18,0.05,25,8.0,5.0,6.0,0.3,0.45,6,15,0,0.0,0.9666666666666667,9,13,2
657,C0255,0.04,0.18,0.05,25,8.0,5.0,12.0,0.3,0.35,6,15,0,0.0,0.9666666666666667,9,13,2
658,C0256,0.04,0.18,0.05,25,8.0,5.0,12.0,0.3,0.45,6,15,0,0.0,0.9666666666666667,9,13,2
659,C0276,0.04,0.18,0.05,25,12.0,5.0,6.0,0.3,0.45,6,15,0,0.0,0.9666666666666667,9,13,2
660,C0280,0.04,0.18,0.05,25,12.0,5.0,12.0,0.3,0.45,6,15,0,0.0,0.9666666666666667,9,13,2
661,C0283,0.04,0.18,0.05,25,12.0,7.0,6.0,0.3,0.35,6,15,0,0.0,0.9666666666666667,8,13,2
662,C0287,0.04,0.18,0.05,25,12.0,7.0,12.0,0.3,0.35,6,15,0,0.0,0.9666666666666667,8,13,2
663,C0291,0.04,0.18,0.06,20,8.0,3.0,6.0,0.3,0.35,6,15,0,0.0,0.9666666666666667,8,13,2
664,C0292,0.04,0.18,0.06,20,8.0,3.0,6.0,0.3,0.45,6,15,0,0.0,0.9666666666666667,8,13,2
665,C0295,0.04,0.18,0.06,20,8.0,3.0,12.0,0.3,0.35,6,15,0,0.0,0.9666666666666667,8,13,2
666,C0296,0.04,0.18,0.06,20,8.0,3.0,12.0,0.3,0.45,6,15,0,0.0,0.9666666666666667,8,13,2
667,C0299,0.04,0.18,0.06,20,8.0,5.0,6.0,0.3,0.35,6,15,0,0.0,0.9666666666666667,8,13,2
668,C0303,0.04,0.18,0.06,20,8.0,5.0,12.0,0.3,0.35,6,15,0,0.0,0.9666666666666667,8,13,2
669,C0307,0.04,0.18,0.06,20,8.0,7.0,6.0,0.3,0.35,6,15,0,0.0,0.9666666666666667,8,13,2
670,C0311,0.04,0.18,0.06,20,8.0,7.0,12.0,0.3,0.35,6,15,0,0.0,0.9666666666666667,8,13,2
671,C0315,0.04,0.18,0.06,20,12.0,3.0,6.0,0.3,0.35,6,15,0,0.0,0.9666666666666667,8,13,2
672,C0316,0.04,0.18,0.06,20,12.0,3.0,6.0,0.3,0.45,6,15,0,0.0,0.9666666666666667,8,13,2
673,C0319,0.04,0.18,0.06,20,12.0,3.0,12.0,0.3,0.35,6,15,0,0.0,0.9666666666666667,8,13,2
674,C0320,0.04,0.18,0.06,20,12.0,3.0,12.0,0.3,0.45,6,15,0,0.0,0.9666666666666667,8,13,2
675,C0323,0.04,0.18,0.06,20,12.0,5.0,6.0,0.3,0.35,6,15,0,0.0,0.9666666666666667,8,13,2
676,C0324,0.04,0.18,0.06,20,12.0,5.0,6.0,0.3,0.45,6,15,0,0.0,0.9666666666666667,8,13,2
677,C0327,0.04,0.18,0.06,20,12.0,5.0,12.0,0.3,0.35,6,15,0,0.0,0.9666666666666667,8,13,2
678,C0328,0.04,0.18,0.06,20,12.0,5.0,12.0,0.3,0.45,6,15,0,0.0,0.9666666666666667,8,13,2
679,C0331,0.04,0.18,0.06,20,12.0,7.0,6.0,0.3,0.35,6,15,0,0.0,0.9666666666666667,8,13,2
680,C0332,0.04,0.18,0.06,20,12.0,7.0,6.0,0.3,0.45,6,15,0,0.0,0.9666666666666667,8,13,2
681,C0335,0.04,0.18,0.06,20,12.0,7.0,12.0,0.3,0.35,6,15,0,0.0,0.9666666666666667,8,13,2
682,C0336,0.04,0.18,0.06,20,12.0,7.0,12.0,0.3,0.45,6,15,0,0.0,0.9666666666666667,8,13,2
683,C0588,0.04,0.22,0.05,20,8.0,5.0,6.0,0.3,0.45,6,15,0,0.0,0.9666666666666667,11,13,2
684,C0592,0.04,0.22,0.05,20,8.0,5.0,12.0,0.3,0.45,6,15,0,0.0,0.9666666666666667,11,13,2
685,C0596,0.04,0.22,0.05,20,8.0,7.0,6.0,0.3,0.45,6,15,0,0.0,0.9666666666666667,11,13,2
686,C0600,0.04,0.22,0.05,20,8.0,7.0,12.0,0.3,0.45,6,15,0,0.0,0.9666666666666667,11,13,2
687,C0051,0.04,0.18,0.02,25,8.0,3.0,6.0,0.3,0.35,6,15,0,0.0,1.0,15,15,0
688,C0052,0.04,0.18,0.02,25,8.0,3.0,6.0,0.3,0.45,6,15,0,0.0,1.0,15,15,0
689,C0055,0.04,0.18,0.02,25,8.0,3.0,12.0,0.3,0.35,6,15,0,0.0,1.0,15,15,0
690,C0056,0.04,0.18,0.02,25,8.0,3.0,12.0,0.3,0.45,6,15,0,0.0,1.0,15,15,0
691,C0075,0.04,0.18,0.02,25,12.0,3.0,6.0,0.3,0.35,6,15,0,0.0,1.0,15,15,0
692,C0076,0.04,0.18,0.02,25,12.0,3.0,6.0,0.3,0.45,6,15,0,0.0,1.0,15,15,0
693,C0079,0.04,0.18,0.02,25,12.0,3.0,12.0,0.3,0.35,6,15,0,0.0,1.0,15,15,0
694,C0080,0.04,0.18,0.02,25,12.0,3.0,12.0,0.3,0.45,6,15,0,0.0,1.0,15,15,0
695,C0147,0.04,0.18,0.04,25,8.0,3.0,6.0,0.3,0.35,6,15,0,0.0,1.0,12,14,1
696,C0148,0.04,0.18,0.04,25,8.0,3.0,6.0,0.3,0.45,6,15,0,0.0,1.0,12,14,1
697,C0151,0.04,0.18,0.04,25,8.0,3.0,12.0,0.3,0.35,6,15,0,0.0,1.0,12,14,1
698,C0152,0.04,0.18,0.04,25,8.0,3.0,12.0,0.3,0.45,6,15,0,0.0,1.0,12,14,1
699,C0155,0.04,0.18,0.04,25,8.0,5.0,6.0,0.3,0.35,6,15,0,0.0,1.0,12,14,1
700,C0156,0.04,0.18,0.04,25,8.0,5.0,6.0,0.3,0.45,6,15,0,0.0,1.0,12,14,1
701,C0159,0.04,0.18,0.04,25,8.0,5.0,12.0,0.3,0.35,6,15,0,0.0,1.0,12,14,1
702,C0160,0.04,0.18,0.04,25,8.0,5.0,12.0,0.3,0.45,6,15,0,0.0,1.0,12,14,1
703,C0171,0.04,0.18,0.04,25,12.0,3.0,6.0,0.3,0.35,6,15,0,0.0,1.0,12,14,1
704,C0172,0.04,0.18,0.04,25,12.0,3.0,6.0,0.3,0.45,6,15,0,0.0,1.0,12,14,1
705,C0175,0.04,0.18,0.04,25,12.0,3.0,12.0,0.3,0.35,6,15,0,0.0,1.0,12,14,1
706,C0176,0.04,0.18,0.04,25,12.0,3.0,12.0,0.3,0.45,6,15,0,0.0,1.0,12,14,1
707,C0179,0.04,0.18,0.04,25,12.0,5.0,6.0,0.3,0.35,6,15,0,0.0,1.0,12,14,1
708,C0180,0.04,0.18,0.04,25,12.0,5.0,6.0,0.3,0.45,6,15,0,0.0,1.0,12,14,1
709,C0183,0.04,0.18,0.04,25,12.0,5.0,12.0,0.3,0.35,6,15,0,0.0,1.0,12,14,1
710,C0184,0.04,0.18,0.04,25,12.0,5.0,12.0,0.3,0.45,6,15,0,0.0,1.0,12,14,1
711,C0531,0.04,0.22,0.04,25,8.0,3.0,6.0,0.3,0.35,6,15,0,0.0,1.0,12,14,1
712,C0532,0.04,0.22,0.04,25,8.0,3.0,6.0,0.3,0.45,6,15,0,0.0,1.0,12,14,1
713,C0535,0.04,0.22,0.04,25,8.0,3.0,12.0,0.3,0.35,6,15,0,0.0,1.0,12,14,1
714,C0536,0.04,0.22,0.04,25,8.0,3.0,12.0,0.3,0.45,6,15,0,0.0,1.0,12,14,1
715,C0539,0.04,0.22,0.04,25,8.0,5.0,6.0,0.3,0.35,6,15,0,0.0,1.0,12,14,1
716,C0540,0.04,0.22,0.04,25,8.0,5.0,6.0,0.3,0.45,6,15,0,0.0,1.0,12,14,1
717,C0543,0.04,0.22,0.04,25,8.0,5.0,12.0,0.3,0.35,6,15,0,0.0,1.0,12,14,1
718,C0544,0.04,0.22,0.04,25,8.0,5.0,12.0,0.3,0.45,6,15,0,0.0,1.0,12,14,1
719,C0547,0.04,0.22,0.04,25,8.0,7.0,6.0,0.3,0.35,6,15,0,0.0,1.0,12,14,1
720,C0548,0.04,0.22,0.04,25,8.0,7.0,6.0,0.3,0.45,6,15,0,0.0,1.0,12,14,1
721,C0551,0.04,0.22,0.04,25,8.0,7.0,12.0,0.3,0.35,6,15,0,0.0,1.0,12,14,1
722,C0552,0.04,0.22,0.04,25,8.0,7.0,12.0,0.3,0.45,6,15,0,0.0,1.0,12,14,1
723,C0267,0.04,0.18,0.05,25,12.0,3.0,6.0,0.3,0.35,6,15,0,0.0,1.0,9,13,2
724,C0268,0.04,0.18,0.05,25,12.0,3.0,6.0,0.3,0.45,6,15,0,0.0,1.0,9,13,2
725,C0271,0.04,0.18,0.05,25,12.0,3.0,12.0,0.3,0.35,6,15,0,0.0,1.0,9,13,2
726,C0272,0.04,0.18,0.05,25,12.0,3.0,12.0,0.3,0.45,6,15,0,0.0,1.0,9,13,2
727,C0275,0.04,0.18,0.05,25,12.0,5.0,6.0,0.3,0.35,6,15,0,0.0,1.0,9,13,2
728,C0279,0.04,0.18,0.05,25,12.0,5.0,12.0,0.3,0.35,6,15,0,0.0,1.0,9,13,2
729,C0507,0.04,0.22,0.04,20,12.0,3.0,6.0,0.3,0.35,6,15,0,0.0,1.0,12,13,2
730,C0508,0.04,0.22,0.04,20,12.0,3.0,6.0,0.3,0.45,6,15,0,0.0,1.0,12,13,2
731,C0511,0.04,0.22,0.04,20,12.0,3.0,12.0,0.3,0.35,6,15,0,0.0,1.0,12,13,2
732,C0512,0.04,0.22,0.04,20,12.0,3.0,12.0,0.3,0.45,6,15,0,0.0,1.0,12,13,2
733,C0515,0.04,0.22,0.04,20,12.0,5.0,6.0,0.3,0.35,6,15,0,0.0,1.0,12,13,2
734,C0516,0.04,0.22,0.04,20,12.0,5.0,6.0,0.3,0.45,6,15,0,0.0,1.0,12,13,2
735,C0519,0.04,0.22,0.04,20,12.0,5.0,12.0,0.3,0.35,6,15,0,0.0,1.0,12,13,2
736,C0520,0.04,0.22,0.04,20,12.0,5.0,12.0,0.3,0.45,6,15,0,0.0,1.0,12,13,2
737,C0523,0.04,0.22,0.04,20,12.0,7.0,6.0,0.3,0.35,6,15,0,0.0,1.0,12,13,2
738,C0524,0.04,0.22,0.04,20,12.0,7.0,6.0,0.3,0.45,6,15,0,0.0,1.0,12,13,2
739,C0527,0.04,0.22,0.04,20,12.0,7.0,12.0,0.3,0.35,6,15,0,0.0,1.0,12,13,2
740,C0528,0.04,0.22,0.04,20,12.0,7.0,12.0,0.3,0.45,6,15,0,0.0,1.0,12,13,2
741,C0555,0.04,0.22,0.04,25,12.0,3.0,6.0,0.3,0.35,6,15,0,0.0,1.0,12,13,2
742,C0556,0.04,0.22,0.04,25,12.0,3.0,6.0,0.3,0.45,6,15,0,0.0,1.0,12,13,2
743,C0559,0.04,0.22,0.04,25,12.0,3.0,12.0,0.3,0.35,6,15,0,0.0,1.0,12,13,2
744,C0560,0.04,0.22,0.04,25,12.0,3.0,12.0,0.3,0.45,6,15,0,0.0,1.0,12,13,2
745,C0563,0.04,0.22,0.04,25,12.0,5.0,6.0,0.3,0.35,6,15,0,0.0,1.0,12,13,2
746,C0564,0.04,0.22,0.04,25,12.0,5.0,6.0,0.3,0.45,6,15,0,0.0,1.0,12,13,2
747,C0567,0.04,0.22,0.04,25,12.0,5.0,12.0,0.3,0.35,6,15,0,0.0,1.0,12,13,2
748,C0568,0.04,0.22,0.04,25,12.0,5.0,12.0,0.3,0.45,6,15,0,0.0,1.0,12,13,2
749,C0587,0.04,0.22,0.05,20,8.0,5.0,6.0,0.3,0.35,6,15,0,0.0,1.0,11,13,2
750,C0591,0.04,0.22,0.05,20,8.0,5.0,12.0,0.3,0.35,6,15,0,0.0,1.0,11,13,2
751,C0595,0.04,0.22,0.05,20,8.0,7.0,6.0,0.3,0.35,6,15,0,0.0,1.0,11,13,2
752,C0599,0.04,0.22,0.05,20,8.0,7.0,12.0,0.3,0.35,6,15,0,0.0,1.0,11,13,2
753,C0612,0.04,0.22,0.05,20,12.0,5.0,6.0,0.3,0.45,6,15,0,0.0,1.0,11,13,2
754,C0616,0.04,0.22,0.05,20,12.0,5.0,12.0,0.3,0.45,6,15,0,0.0,1.0,11,13,2
755,C0620,0.04,0.22,0.05,20,12.0,7.0,6.0,0.3,0.45,6,15,0,0.0,1.0,11,13,2
756,C0624,0.04,0.22,0.05,20,12.0,7.0,12.0,0.3,0.45,6,15,0,0.0,1.0,11,13,2
757,C0579,0.04,0.22,0.05,20,8.0,3.0,6.0,0.3,0.35,6,15,0,0.0,1.0333333333333334,11,13,2
758,C0580,0.04,0.22,0.05,20,8.0,3.0,6.0,0.3,0.45,6,15,0,0.0,1.0333333333333334,11,13,2
759,C0583,0.04,0.22,0.05,20,8.0,3.0,12.0,0.3,0.35,6,15,0,0.0,1.0333333333333334,11,13,2
760,C0584,0.04,0.22,0.05,20,8.0,3.0,12.0,0.3,0.45,6,15,0,0.0,1.0333333333333334,11,13,2
761,C0611,0.04,0.22,0.05,20,12.0,5.0,6.0,0.3,0.35,6,15,0,0.0,1.0333333333333334,11,13,2
762,C0615,0.04,0.22,0.05,20,12.0,5.0,12.0,0.3,0.35,6,15,0,0.0,1.0333333333333334,11,13,2
763,C0619,0.04,0.22,0.05,20,12.0,7.0,6.0,0.3,0.35,6,15,0,0.0,1.0333333333333334,11,13,2
764,C0623,0.04,0.22,0.05,20,12.0,7.0,12.0,0.3,0.35,6,15,0,0.0,1.0333333333333334,11,13,2
765,C0603,0.04,0.22,0.05,20,12.0,3.0,6.0,0.3,0.35,6,15,0,0.0,1.0666666666666667,11,13,2
766,C0604,0.04,0.22,0.05,20,12.0,3.0,6.0,0.3,0.45,6,15,0,0.0,1.0666666666666667,11,13,2
767,C0607,0.04,0.22,0.05,20,12.0,3.0,12.0,0.3,0.35,6,15,0,0.0,1.0666666666666667,11,13,2
768,C0608,0.04,0.22,0.05,20,12.0,3.0,12.0,0.3,0.45,6,15,0,0.0,1.0666666666666667,11,13,2
